id,address,latitude,longitude
1,""江苏省南京市"",118.797,32.0593
2,""陕西省西安市莲湖区止园饭店"",108.94,34.2713
3,""陕西省西安市莲湖区丰登南路|18号"",108.895,34.2529
4,""浙江省宁波市海曙区环城西路北段|40号"",121.55,29.8737
5,""陕西省西安市未央区草滩路"",108.991,34.38
6,""陕西省西安市长安区沣惠"",108.771,34.1123
7,""陕西省西安市莲湖区解家村"",108.944,34.2654
8,""陕西省西安市莲湖区桃园路"",108.901,34.2649
9,""陕西省西安市莲湖区龙首北路西段|27"",108.944,34.2654
10,""陕西省西安市莲湖区丰禾路|1号"",108.907,34.2817
11,""陕西省西安市莲湖区环城西路北段"",108.922,34.2662
12,""陕西省西安市莲湖区大兴东路"",108.91,34.2862
13,""陕西省西安市莲湖区龙赵村"",108.936,34.2908
14,""陕西省西安市莲湖区团结东路|5号"",108.905,34.2632
15,""陕西省西安市莲湖区明珠巷"",108.926,34.2836
16,""陕西省西安市莲湖区纸坊村|121号"",108.933,34.2783
17,""陕西省西安市莲湖区丰禾路|6号"",108.907,34.2817
18,""陕西省西安市莲湖区明珠巷"",108.926,34.2836
19,""陕西省西安市莲湖区青年路"",108.94,34.2712
20,""陕西省西安市莲湖区西北一路|40号"",108.928,34.2714
21,""陕西省西安市未央区大兴路"",108.947,34.2931
22,""陕西省西安市莲湖区环城西路北段"",108.922,34.2662
23,""陕西省西安市莲湖区西桃园"",108.894,34.2434
24,""陕西省西安市莲湖区莲湖路|63号|附3号"",108.933,34.2698
25,""陕西省西安市莲湖区红庙坡"",108.921,34.2853
26,""陕西省西安市鄠邑区团结西路中段"",108.623,34.0646
27,""陕西省西安市莲湖区电容器厂"",108.944,34.2654
28,""陕西省西安市莲湖区劳动南路|8号"",108.91,34.2507
29,""陕西省西安市莲湖区枣园"",108.866,34.2772
30,""陕西省西安市莲湖区大庆路"",108.889,34.269
31,""陕西省西安市莲湖区莲湖区西站"",108.944,34.2654
32,""陕西省西安市莲湖区丰庆路|92号"",108.91,34.2508
33,""陕西省西安市莲湖区习武园|34"",108.929,34.2737
34,""陕西省西安市莲湖区大庆西路"",108.944,34.2654
35,""陕西省西安市莲湖区环城西路北段"",108.922,34.2662
36,""陕西省西安市莲湖区丰登南路|8号"",108.895,34.2529
37,""陕西省西安市莲湖区沣镐路"",108.907,34.2555
38,""陕西省西安市莲湖区介家巷"",108.919,34.2574
39,""陕西省西安市莲湖区自强西路|75号"",108.937,34.2802
40,""陕西省西安市莲湖区自强西路"",108.937,34.2802
41,""陕西省西安市未央区大兴路"",108.947,34.2931
42,""陕西省西安市莲湖区丰庆路|135号"",108.91,34.2508
43,""浙江省舟山市定海区环城西路|148号"",122.107,30.0198
44,""陕西省西安市莲湖区环城西路北段"",108.922,34.2662
45,""陕西省西安市莲湖区环城西路|146号"",108.922,34.2662
46,""陕西省西安市高陵区西大街|368号"",109.086,34.5371
47,""陕西省西安市莲湖区甜水井"",108.933,34.2541
48,""陕西省西安市莲湖区"",108.944,34.2654
49,""陕西省西安市未央区红光路"",108.857,34.2593
50,""陕西省西安市莲湖区沣惠北路|附7号"",108.891,34.2733
51,""陕西省西安市莲湖区二府街|3号楼"",108.943,34.2671
52,""陕西省西安市莲湖区北稍门"",108.948,34.2863
53,""陕西省西安市莲湖区振华北路|10号"",108.943,34.2863
54,""陕西省西安市莲湖区西关机场"",108.944,34.2654
55,""陕西省西安市莲湖区纸坊村"",108.933,34.2783
56,""陕西省西安市雁塔区中航大厦"",108.905,34.2353
57,""广东省广州市番禺区北大街"",113.395,23.0108
58,""陕西省西安市莲湖区劳动西路"",108.908,34.2661
59,""陕西省西安市碑林区十字南"",108.941,34.2567
60,""陕西省西安市莲湖区北马道巷"",108.926,34.2653
61,""陕西省西安市莲湖区青年路|156号"",108.94,34.2712
62,""陕西省西安市未央区兴中路|136号"",108.954,34.3279
63,""河南省郑州市金水区青年路|1号"",113.718,34.7421
64,""陕西省西安市莲湖区环城西路北段"",108.922,34.2662
65,""陕西省西安市莲湖区西关机场"",108.944,34.2654
66,""陕西省西安市未央区兴中路|5号"",108.954,34.3279
67,""陕西省西安市莲湖区丰镐路"",108.899,34.2594
68,""陕西省西安市莲湖区王家巷|31号"",108.919,34.2607
69,""陕西省西安市莲湖区大土门"",108.888,34.2665
70,""陕西省西安市莲湖区创新路|47号"",108.884,34.251
71,""陕西省西安市莲湖区大庆路|100号"",108.889,34.269
72,""陕西省西安市未央区未央路"",108.947,34.3161
73,""陕西省西安市新城区粮油批发市场"",108.961,34.2666
74,""陕西省西安市未央区大庆路|12号"",108.889,34.269
75,""河南省郑州市"",113.625,34.7463
76,""陕西省西安市莲湖区污水处理厂邓家村家属院"",108.871,34.2875
77,""陕西省西安市莲湖区枣园东路"",108.878,34.2707
78,""陕西省西安市莲湖区环城西路北段"",108.922,34.2662
79,""山西省太原市"",112.55,37.8705
80,""陕西省西安市莲湖区沣镐东路|4号"",108.897,34.2596
81,""安徽省合肥市庐阳区环城西路"",117.27,31.8628
82,""陕西省西安市莲湖区工农路|23号"",108.933,34.2821
83,""陕西省西安市莲湖区沣镐路"",108.907,34.2555
84,""北京市丰台区大兴路"",116.379,39.8028
85,""陕西省西安市未央区未央路"",108.947,34.3161
86,""陕西省西安市莲湖区大土门"",108.888,34.2665
87,""陕西省西安市莲湖区大莲花池街|14号"",108.943,34.2683
88,""陕西省西安市莲湖区北夏家"",108.93,34.2584
89,""陕西省西安市未央区劳动北路|58"",108.911,34.2909
90,""陕西省西安市莲湖区"",108.944,34.2654
91,""陕西省西安市莲湖区环城西路北段"",108.922,34.2662
92,""陕西省西安市莲湖区振华南路|12号"",108.943,34.2807
93,""陕西省西安市莲湖区大土门|11号"",108.888,34.2665
94,""陕西省西安市莲湖区环城北路|81号"",108.947,34.2775
95,""陕西省西安市未央区大兴路"",108.947,34.2931
96,""陕西省西安市莲湖区沣镐西路"",108.88,34.2596
97,""陕西省西安市莲湖区团结中路|37号"",108.888,34.2641
98,""陕西省西安市莲湖区环城西路南段"",108.922,34.2662
99,""陕西省西安市"",108.94,34.3432
100,""陕西省西安市雁塔区团结南路|4号"",108.882,34.2422
101,""陕西省西安市莲湖区大庆路"",108.889,34.269
102,""陕西省西安市莲湖区环城西路|148号"",108.922,34.2662
103,""陕西省西安市未央区南路"",108.868,34.3261
104,""陕西省西安市临潼区西关正街"",109.206,34.3704
105,""陕西省西安市碑林区西村"",108.941,34.2567
106,""陕西省西安市莲湖区北马道巷"",108.926,34.2653
107,""陕西省西安市莲湖区大庆路|96号"",108.889,34.269
108,""陕西省西安市莲湖区丰登路|29号"",108.895,34.2641
109,""陕西省西安市莲湖区西关正街|32号"",108.918,34.2594
110,""陕西省西安市莲湖区大莲花池街|30号"",108.943,34.2683
111,""陕西省西安市莲湖区劳动路北段"",108.91,34.2628
112,""陕西省西安市临潼区西关正街|233"",109.206,34.3704
113,""陕西省西安市未央区朱宏路|1"",108.921,34.3237
114,""陕西省西安市鄠邑区西郊"",108.6,34.1051
115,""陕西省西安市莲湖区柴家什字|26号"",108.93,34.2572
116,""陕西省西安市莲湖区新建巷"",108.944,34.2654
117,""陕西省西安市莲湖区团结中路|8号"",108.888,34.2641
118,""陕西省西安市莲湖区汉城东路|2号"",108.878,34.2623
119,""陕西省西安市未央区游乐场"",108.947,34.2931
120,""陕西省西安市莲湖区团结中路|8号"",108.888,34.2641
121,""陕西省西安市雁塔区团结南路|1号"",108.882,34.2422
122,""陕西省西安市莲湖区庙后街"",108.935,34.2631
123,""陕西省西安市莲湖区东桃园"",108.904,34.2426
124,""陕西省西安市莲湖区环城西路|146号"",108.922,34.2662
125,""陕西省西安市莲湖区丰登南路|甲字27号"",108.895,34.2529
126,""陕西省西安市莲湖区北院门|45号"",108.935,34.2616
127,""陕西省西安市未央区兴中路|3号"",108.954,34.3279
128,""山西省太原市"",112.55,37.8705
129,""陕西省西安市雁塔区西华门|8号"",108.949,34.2225
130,""陕西省西安市新城区粮油批发市场"",108.961,34.2666
131,""陕西省西安市雁塔区昆明路中段"",108.86,34.2524
132,""山东省济南市章丘区北大街"",117.581,36.7462
133,""陕西省西安市莲湖区甜水井"",108.933,34.2541
134,""陕西省西安市莲湖区庙后街|138"",108.935,34.2631
135,""陕西省西安市临潼区西关正街|233"",109.206,34.3704
136,""陕西省西安市莲湖区西北三路|15号"",108.933,34.2729
137,""陕西省西安市莲湖区龙首村西南区|1号楼"",108.949,34.2903
138,""陕西省西安市莲湖区自强西路|75号"",108.937,34.2802
139,""陕西省西安市莲湖区自强西路|77号"",108.937,34.2802
140,""陕西省西安市莲湖区龙首村"",108.948,34.2926
141,""陕西省西安市莲湖区自强西路"",108.937,34.2802
142,""陕西省西安市莲湖区劳动南路|1号"",108.91,34.2507
143,""陕西省西安市莲湖区西桃园"",108.894,34.2434
144,""陕西省西安市临潼区西关正街"",109.206,34.3704
145,""陕西省西安市临潼区环城北路"",109.215,34.3713
146,""陕西省西安市莲湖区西大街"",108.943,34.2587
147,""陕西省西安市莲湖区建华路|14号"",108.944,34.2654
148,""陕西省西安市莲湖区龙渠湾|8"",108.926,34.2582
149,""陕西省西安市莲湖区环城西路北段"",108.922,34.2662
150,""陕西省西安市新城区建华路|117号"",108.977,34.2853
151,""陕西省西安市莲湖区丰庆路|21号"",108.91,34.2508
152,""陕西省西安市莲湖区劳动北路|70号"",108.913,34.2735
153,""陕西省西安市莲湖区红庙坡"",108.921,34.2853
154,""陕西省西安市雁塔区昆明路中段"",108.86,34.2524
155,""陕西省西安市莲湖区劳动公园"",108.904,34.2649
156,""陕西省西安市碑林区文治路|15号"",108.984,34.2455
157,""陕西省西安市未央区大兴路"",108.947,34.2931
158,""陕西省西安市莲湖区团结东路"",108.905,34.2632
159,""陕西省西安市莲湖区团结东路|22"",108.905,34.2632
160,""陕西省西安市未央区曹家堡村"",108.877,34.3399
161,""陕西省西安市莲湖区马家庄|27号"",108.944,34.2654
162,""陕西省西安市莲湖区振华路"",108.945,34.2842
163,""陕西省西安市周至县北大街|99号"",108.218,34.1642
164,""广东省广州市从化区振华路"",113.536,23.5965
165,""陕西省西安市莲湖区北院门|158"",108.935,34.2616
166,""陕西省西安市莲湖区糜家桥|15号"",108.912,34.2481
167,""陕西省西安市莲湖区汉城北路"",108.872,34.2752
168,""陕西省西安市莲湖区劳动南路|68号"",108.91,34.2507
169,""陕西省西安市莲湖区社会路"",108.946,34.2633
170,""陕西省西安市莲湖区大庆路"",108.889,34.269
171,""陕西省西安市莲湖区大兴东路|37号"",108.91,34.2862
172,""陕西省西安市莲湖区西大街"",108.943,34.2587
173,""陕西省西安市莲湖区劳动南路|21号"",108.91,34.2507
174,""陕西省西安市未央区沣惠路"",108.839,34.2661
175,""陕西省西安市莲湖区郝家巷|9号"",108.943,34.2802
176,""陕西省西安市未央区草滩路"",108.991,34.38
177,""陕西省西安市莲湖区劳动路"",108.91,34.2628
178,""江苏省徐州市沛县汉城北路"",116.933,34.7724
179,""陕西省西安市莲湖区青年路|121"",108.94,34.2712
180,""陕西省西安市莲湖区丰登路"",108.895,34.2641
181,""河南省郑州市惠济区汽配市场"",113.617,34.868
182,""陕西省西安市碑林区劳动南路21号"",108.909,34.2675
183,""陕西省西安市莲湖区劳动南路|21号"",108.91,34.2507
184,""陕西省西安市莲湖区星火路|39"",108.922,34.2851
185,""陕西省西安市临潼区西关正街|233"",109.206,34.3704
186,""陕西省西安市莲湖区大兴西路|40号"",108.872,34.2866
187,""陕西省西安市莲湖区劳动南路|21号"",108.91,34.2507
188,""陕西省西安市雁塔区西电技校"",108.949,34.2225
189,""陕西省西安市莲湖区莲湖路|99"",108.933,34.2698
190,""陕西省西安市莲湖区大庆路"",108.889,34.269
191,""河南省郑州市"",113.625,34.7463
192,""陕西省西安市长安区西大街|378号"",108.907,34.1587
193,""陕西省西安市莲湖区潘家村"",108.917,34.2699
194,""陕西省西安市鄠邑区西郊"",108.6,34.1051
195,""陕西省西安市莲湖区药王洞|56号"",108.938,34.2737
196,""陕西省西安市莲湖区解家村"",108.944,34.2654
197,""陕西省西安市莲湖区南火巷"",108.922,34.2575
198,""陕西省西安市莲湖区汉城北路"",108.872,34.2752
199,""陕西省西安市莲湖区西大街"",108.943,34.2587
200,""陕西省西安市莲湖区环城西路北段"",108.922,34.2662
201,""陕西省西安市鄠邑区西郊"",108.6,34.1051
202,""辽宁省沈阳市"",123.465,41.6776
203,""陕西省西安市莲湖区沣惠北路|64号"",108.891,34.2733
204,""陕西省西安市莲湖区甜水井街|22"",108.932,34.2545
205,""陕西省西安市莲湖区潘家村|14号楼"",108.917,34.2699
206,""陕西省西安市莲湖区西北三路|15号"",108.933,34.2729
207,""陕西省西安市莲湖区大庆路|68号"",108.889,34.269
208,""陕西省西安市莲湖区大庆路"",108.889,34.269
209,""陕西省西安市莲湖区丰镐西路|30号"",108.882,34.2593
210,""陕西省西安市莲湖区庙后街"",108.935,34.2631
211,""陕西省西安市莲湖区任家庄"",108.944,34.2654
212,""陕西省西安市莲湖区西关南小巷"",108.944,34.2654
213,""陕西省西安市"",108.94,34.3432
214,""陕西省西安市莲湖区骆驼巷"",108.928,34.2588
215,""陕西省西安市莲湖区青年一巷|8"",108.938,34.2728
216,""陕西省西安市莲湖区环城西路南段"",108.922,34.2662
217,""陕西省西安市莲湖区沣镐路"",108.907,34.2555
218,""陕西省西安市新城区胡家庙蔬菜批发市场"",109.004,34.2773
219,""陕西省西安市碑林区劳动南路|34号"",108.91,34.2507
220,""陕西省西安市莲湖区振华路|64"",108.945,34.2842
221,""陕西省西安市莲湖区大兴西路|83号"",108.872,34.2866
222,""陕西省西安市莲湖区西羊市|93号"",108.943,34.2632
223,""陕西省西安市莲湖区环城西路北段"",108.922,34.2662
224,""陕西省西安市莲湖区北关"",108.944,34.2654
225,""陕西省西安市莲湖区大土门|2号楼"",108.888,34.2665
226,""陕西省西安市莲湖区丰镐西路"",108.882,34.2593
227,""陕西省西安市莲湖区环城西路北段|5号"",108.922,34.2662
228,""陕西省西安市莲湖区丰庆路"",108.91,34.2508
229,""陕西省西安市莲湖区化觉巷"",108.943,34.262
230,""陕西省西安市莲湖区远东公司西"",108.944,34.2654
231,""陕西省西安市莲湖区劳动北路"",108.913,34.2735
232,""陕西省西安市蓝田县路东段"",109.323,34.1513
233,""陕西省西安市新城区胡家庙蔬菜批发市场"",109.004,34.2773
234,""陕西省西安市雁塔区团结南路|1"",108.882,34.2422
235,""陕西省西安市莲湖区劳动南路|31号"",108.91,34.2507
236,""陕西省西安市莲湖区丰镐路|4号"",108.899,34.2594
237,""陕西省西安市莲湖区丰收路|1号"",108.882,34.2776
238,""陕西省西安市莲湖区丰镐东路|10号"",108.899,34.2594
239,""陕西省西安市莲湖区大莲花池街|38"",108.943,34.2683
240,""陕西省西安市雁塔区团结南路|47号"",NULL,NULL
241,""陕西省西安市莲湖区颜家堡"",NULL,NULL
242,""陕西省西安市周至县西大街|259号"",NULL,NULL
243,""陕西省西安市"",NULL,NULL
244,""陕西省西安市莲湖区高新电子市场"",NULL,NULL
245,""陕西省西安市未央区沈家寨|2号"",NULL,NULL
246,""陕西省西安市莲湖区西站街|15号"",NULL,NULL
247,""陕西省西安市莲湖区丰镐东路|13"",NULL,NULL
248,""陕西省西安市莲湖区大庆路"",NULL,NULL
249,""山西省太原市小店区西大街|53号"",NULL,NULL
250,""陕西省西安市莲湖区沣镐路"",NULL,NULL
251,""陕西省西安市莲湖区五星街|17号"",NULL,NULL
252,""陕西省西安市莲湖区甜水井"",NULL,NULL
253,""陕西省西安市临潼区环城北路"",NULL,NULL
254,""陕西省西安市莲湖区骆驼巷"",NULL,NULL
255,""陕西省西安市新城区建华路|10号"",NULL,NULL
256,""陕西省西安市莲湖区西仓"",NULL,NULL
257,""陕西省西安市未央区大兴路|42号"",NULL,NULL
258,""陕西省西安市莲湖区大庆路|12"",NULL,NULL
259,""陕西省西安市莲湖区玉祥门"",NULL,NULL
260,""陕西省西安市莲湖区青年路|149"",NULL,NULL
261,""陕西省西安市莲湖区西羊市"",NULL,NULL
262,""陕西省西安市新城区环北路"",NULL,NULL
263,""陕西省西安市莲湖区甜水井|61院"",NULL,NULL
264,""陕西省西安市莲湖区庙后街|118"",NULL,NULL
265,""陕西省西安市莲湖区西北三路|17号"",NULL,NULL
266,""陕西省西安市莲湖区土门小学"",NULL,NULL
267,""陕西省西安市莲湖区大庆路"",NULL,NULL
268,""陕西省西安市莲湖区环城西路北段"",NULL,NULL
269,""陕西省西安市莲湖区丰登路中段"",NULL,NULL
270,""陕西省西安市莲湖区北马道巷"",NULL,NULL
271,""山西省临汾市洪洞县大白杨"",NULL,NULL
272,""陕西省西安市未央区大白杨村"",NULL,NULL
273,""陕西省西安市莲湖区汉城路"",NULL,NULL
274,""陕西省西安市莲湖区工农路|123号"",NULL,NULL
275,""陕西省西安市莲湖区团结东路|31"",NULL,NULL
276,""陕西省西安市莲湖区早慈巷|6号"",NULL,NULL
277,""陕西省西安市莲湖区麦笕街"",NULL,NULL
278,""陕西省西安市莲湖区沣镐路|1号"",NULL,NULL
279,""陕西省西安市莲湖区新民巷|20号"",NULL,NULL
280,""湖南省长沙市望城区莲湖路|30号"",NULL,NULL
281,""陕西省西安市莲湖区大庆路|7号"",NULL,NULL
282,""陕西省西安市莲湖区振华北路|10号"",NULL,NULL
283,""陕西省西安市莲湖区大土门"",NULL,NULL
284,""陕西省西安市莲湖区远东公司"",NULL,NULL
285,""陕西省西安市莲湖区汉城路"",NULL,NULL
286,""陕西省西安市莲湖区北马道巷"",NULL,NULL
287,""湖南省长沙市"",NULL,NULL
288,""陕西省西安市莲湖区汉城北路|117号"",NULL,NULL
289,""陕西省西安市莲湖区大兴路"",NULL,NULL
290,""陕西省西安市莲湖区西华门"",NULL,NULL
291,""陕西省西安市莲湖区纸坊村|16号"",NULL,NULL
292,""陕西省西安市未央区大兴路"",NULL,NULL
293,""陕西省西安市莲湖区北院门|106"",NULL,NULL
294,""陕西省西安市灞桥区西北家具"",NULL,NULL
295,""陕西省西安市莲湖区洒金桥|1号"",NULL,NULL
296,""陕西省西安市鄠邑区西郊"",NULL,NULL
297,""陕西省西安市未央区大兴路"",NULL,NULL
298,""陕西省西安市莲湖区大兴西路|8号"",NULL,NULL
299,""陕西省西安市莲湖区星火路|2号"",NULL,NULL
300,""陕西省西安市莲湖区东桃园"",NULL,NULL
301,""陕西省西安市周至县北大街|甲字119号"",NULL,NULL
302,""陕西省西安市莲湖区周家围墙|40号"",NULL,NULL
303,""陕西省西安市莲湖区星火路|22号"",NULL,NULL
304,""湖南省长沙市望城区莲湖路|30号"",NULL,NULL
305,""陕西省西安市莲湖区"",NULL,NULL
306,""陕西省西安市莲湖区创新路"",NULL,NULL
307,""陕西省西安市莲湖区振华路"",NULL,NULL
308,""陕西省西安市莲湖区未央路"",NULL,NULL
309,""陕西省西安市莲湖区药王洞|33号"",NULL,NULL
310,""陕西省西安市莲湖区大兴东路|甲字8号"",NULL,NULL
311,""陕西省西安市莲湖区青年路|184号"",NULL,NULL
312,""陕西省西安市蓝田县西关正街|283号"",NULL,NULL
313,""陕西省西安市莲湖区北院门|92号"",NULL,NULL
314,""陕西省西安市莲湖区大庆路西段"",NULL,NULL
315,""陕西省西安市莲湖区建华路|10号"",NULL,NULL
316,""陕西省西安市莲湖区贡院门小学"",NULL,NULL
317,""陕西省西安市莲湖区早慈巷|8号楼"",NULL,NULL
318,""陕西省西安市莲湖区北大街"",NULL,NULL
319,""陕西省西安市莲湖区枣园东路|3号"",NULL,NULL
320,""陕西省西安市莲湖区红庙坡|73号"",NULL,NULL
321,""陕西省西安市莲湖区南小巷|38号"",NULL,NULL
322,""陕西省西安市莲湖区北马道巷"",NULL,NULL
323,""陕西省西安市莲湖区星火路|25"",NULL,NULL
324,""陕西省西安市周至县西大街|259号"",NULL,NULL
325,""陕西省西安市莲湖区远东公司"",NULL,NULL
326,""陕西省西安市莲湖区团结东路|2号"",NULL,NULL
327,""陕西省西安市莲湖区二府街|29"",NULL,NULL
328,""陕西省西安市莲湖区自强西路|22号"",NULL,NULL
329,""陕西省西安市莲湖区青门村"",NULL,NULL
330,""陕西省西安市莲湖区汉城南路|6号"",NULL,NULL
331,""陕西省西安市莲湖区四府街|42号"",NULL,NULL
332,""陕西省西安市莲湖区丰庆路|21号"",NULL,NULL
333,""陕西省西安市莲湖区自强西路|52号"",NULL,NULL
334,""陕西省西安市莲湖区南火巷"",NULL,NULL
335,""陕西省西安市莲湖区红庙坡"",NULL,NULL
336,""陕西省西安市未央区龙首北路西段"",NULL,NULL
337,""陕西省西安市莲湖区南火巷"",NULL,NULL
338,""陕西省西安市莲湖区西大街"",NULL,NULL
339,""陕西省西安市莲湖区建华路|14号"",NULL,NULL
340,""陕西省西安市莲湖区自强西路|47号"",NULL,NULL
341,""陕西省西安市莲湖区环城西路南段"",NULL,NULL
342,""江苏省徐州市鼓楼区大庆路|4号"",NULL,NULL
343,""黑龙江省大庆市龙凤区大庆路|4"",NULL,NULL
344,""陕西省西安市莲湖区琉璃街|52号"",NULL,NULL
345,""陕西省西安市莲湖区环城西路"",NULL,NULL
346,""陕西省西安市莲湖区枣园东路|5号"",NULL,NULL
347,""陕西省西安市蓝田县西关正街|123号"",NULL,NULL
348,""陕西省西安市莲湖区环城西路"",NULL,NULL
349,""陕西省西安市莲湖区西站街|3号"",NULL,NULL
350,""陕西省西安市新城区二马路"",NULL,NULL
351,""广西壮族自治区南宁市"",NULL,NULL
352,""河南省郑州市金水区青年路|1号"",NULL,NULL
353,""陕西省西安市新城区建华路|10号"",NULL,NULL
354,""陕西省西安市莲湖区自强西路"",NULL,NULL
355,""山西省太原市"",NULL,NULL
356,""陕西省西安市莲湖区庙后街|115号"",NULL,NULL
357,""陕西省西安市莲湖区丰镐路"",NULL,NULL
358,""陕西省西安市莲湖区陕西航空工业管理局"",NULL,NULL
359,""陕西省西安市未央区丰惠路"",NULL,NULL
360,""陕西省西安市莲湖区北院门|145号"",NULL,NULL
361,""陕西省西安市莲湖区丰镐路"",NULL,NULL
362,""陕西省西安市未央区大庆路|11号"",NULL,NULL
363,""陕西省西安市未央区汉城路南段"",NULL,NULL
364,""陕西省西安市蓝田县西关正街|285号"",NULL,NULL
365,""陕西省西安市莲湖区潘家村"",NULL,NULL
366,""陕西省西安市莲湖区草阳村"",NULL,NULL
367,""陕西省西安市莲湖区汉城北路"",NULL,NULL
368,""陕西省西安市莲湖区丰镐路"",NULL,NULL
369,""陕西省西安市莲湖区解家村"",NULL,NULL
370,""陕西省西安市碑林区成丰街"",NULL,NULL
371,""陕西省西安市莲湖区丰惠路"",NULL,NULL
372,""陕西省西安市鄠邑区西郊"",NULL,NULL
373,""陕西省西安市莲湖区大兴西路|30号"",NULL,NULL
374,""陕西省西安市未央区未央路"",NULL,NULL
375,""陕西省西安市未央区红光路"",NULL,NULL
376,""陕西省西安市莲湖区大马路村"",NULL,NULL
377,""陕西省西安市莲湖区龙赵村"",NULL,NULL
378,""陕西省西安市莲湖区青年路|125"",NULL,NULL
379,""陕西省西安市莲湖区红庙坡"",NULL,NULL
380,""陕西省西安市莲湖区星火路|14号"",NULL,NULL
381,""陕西省西安市新城区建华路"",NULL,NULL
382,""陕西省西安市未央区北郊"",NULL,NULL
383,""陕西省西安市鄠邑区西郊"",NULL,NULL
384,""陕西省西安市莲湖区丰登北路"",NULL,NULL
385,""陕西省西安市莲湖区丰登路"",NULL,NULL
386,""陕西省西安市莲湖区北广济街"",NULL,NULL
387,""陕西省西安市莲湖区马家庄|42号楼"",NULL,NULL
388,""陕西省西安市莲湖区星火路|39"",NULL,NULL
389,""陕西省西安市鄠邑区西郊"",NULL,NULL
390,""江西省南昌市青山湖区青年路"",NULL,NULL
391,""陕西省西安市莲湖区红光路"",NULL,NULL
392,""陕西省西安市莲湖区社会路"",NULL,NULL
393,""陕西省西安市莲湖区人民东村|17号"",NULL,NULL
394,""陕西省西安市莲湖区新华印刷厂家属楼"",NULL,NULL
395,""陕西省西安市莲湖区丰禾路"",NULL,NULL
396,""陕西省西安市莲湖区解家村|3号楼"",NULL,NULL
397,""陕西省西安市莲湖区大莲花池街|43"",NULL,NULL
398,""陕西省西安市莲湖区西举院巷|1号"",NULL,NULL
399,""陕西省西安市莲湖区西北三路|43号"",NULL,NULL
400,""陕西省西安市莲湖区环城西路北段"",NULL,NULL
401,""陕西省西安市莲湖区土门"",NULL,NULL
402,""陕西省西安市莲湖区许士庙街|33"",NULL,NULL
403,""陕西省西安市未央区丰惠路"",NULL,NULL
404,""陕西省西安市莲湖区沣镐路"",NULL,NULL
405,""陕西省西安市莲湖区莲湖路"",NULL,NULL
406,""陕西省西安市未央区红光路|5号"",NULL,NULL
407,""陕西省西安市莲湖区西大街"",NULL,NULL
408,""陕西省西安市莲湖区大莲花池街|38"",NULL,NULL
409,""陕西省西安市莲湖区大马路"",NULL,NULL
410,""陕西省西安市莲湖区西北一路"",NULL,NULL
411,""陕西省西安市莲湖区大庆路|92号"",NULL,NULL
412,""陕西省西安市未央区红光路"",NULL,NULL
413,""陕西省西安市莲湖区邓家村"",NULL,NULL
414,""陕西省西安市莲湖区西关正街|92号"",NULL,NULL
415,""陕西省西安市莲湖区大庆路|附156号"",NULL,NULL
416,""江西省南昌市湾里区工农路|58号"",NULL,NULL
417,""陕西省西安市莲湖区大兴西路|42号"",NULL,NULL
418,""陕西省西安市莲湖区北广济街|103"",NULL,NULL
419,""陕西省西安市莲湖区冶金厂"",NULL,NULL
420,""陕西省西安市莲湖区沣惠北路"",NULL,NULL
421,""陕西省西安市莲湖区北大街|113号"",NULL,NULL
422,""陕西省渭南市临渭区五里铺"",NULL,NULL
423,""浙江省"",NULL,NULL
424,""江西省九江市浔阳区庐山路"",NULL,NULL
425,""天津市和平区世纪都会商厦办公楼"",NULL,NULL
426,""陕西省安康市岚皋县城关镇"",NULL,NULL
427,""黑龙江省哈尔滨市道里区建议街|1号"",NULL,NULL
428,""浙江省"",NULL,NULL
429,""浙江省"",NULL,NULL
430,""云南省楚雄彝族自治州大姚县金碧镇"",NULL,NULL
431,""陕西省西安市莲湖区西大街|86号"",NULL,NULL
432,""广东省深圳市罗湖区人民北路"",NULL,NULL
433,""陕西省渭南市临渭区民主南路|9号"",NULL,NULL
434,""陕西省渭南市临渭区东风街西段"",NULL,NULL
435,""广东省深圳市罗湖区深南东路"",NULL,NULL
436,""广东省深圳市罗湖区新安大厦"",NULL,NULL
437,""广东省深圳市罗湖区中兴路"",NULL,NULL
438,""广东省深圳市盐田区海港城宾馆"",NULL,NULL
439,""广东省深圳市盐田区海港城宾馆"",NULL,NULL
440,""广东省深圳市盐田区阳和街|16号"",NULL,NULL
441,""广东省深圳市福田区特美思大厦"",NULL,NULL
442,""广东省深圳市福田区深药大厦"",NULL,NULL
443,""山东省济南市长清区西三里村"",NULL,NULL
444,""广东省深圳市罗湖区凤凰路6号大院"",NULL,NULL
445,""广东省深圳市罗湖区晒布路"",NULL,NULL
446,""广东省深圳市福田区一致药业大厦"",NULL,NULL
447,""广东省深圳市罗湖区中兴路"",NULL,NULL
448,""广东省深圳市罗湖区黄贝岭路"",NULL,NULL
449,""广东省深圳市罗湖区国际贸易中心大厦"",NULL,NULL
450,""广东省深圳市罗湖区红岭中路|29号"",NULL,NULL
451,""广东省深圳市罗湖区国贸大厦a区"",NULL,NULL
452,""广东省深圳市罗湖区国贸大厦"",NULL,NULL
453,""广东省广州市海珠区工业大道北"",NULL,NULL
454,""广东省广州市"",NULL,NULL
455,""广东省深圳市宝安区兴围村"",NULL,NULL
456,""山东省济南市历城区七里河"",NULL,NULL
457,""广东省深圳市罗湖区"",NULL,NULL
458,""广东省深圳市罗湖区水贝工业区|7栋"",NULL,NULL
459,""陕西省渭南市临渭区东风街|41号"",NULL,NULL
460,""广东省深圳市罗湖区解放路"",NULL,NULL
461,""广东省深圳市福田区人武干部培训综合楼"",NULL,NULL
462,""广东省深圳市南山区圳大学"",NULL,NULL
463,""广东省深圳市南山区深圳大学"",NULL,NULL
464,""广东省深圳市南山区深圳大学"",NULL,NULL
465,""广东省深圳市宝安区聚汇模具工业园|1栋"",NULL,NULL
466,""广东省深圳市罗湖区罗湖区北站"",NULL,NULL
467,""广东省深圳市南山区蛇口"",NULL,NULL
468,""广东省深圳市龙岗区龙岗路"",NULL,NULL
469,""山东省济南市天桥区金牛公园"",NULL,NULL
470,""广东省深圳市福田区红岭北路"",NULL,NULL
471,""广东省深圳市南山区粤海大厦"",NULL,NULL
472,""广东省深圳市罗湖区嘉宾路"",NULL,NULL
473,""广东省深圳市罗湖区人民体育场"",NULL,NULL
474,""广东省深圳市罗湖区西岭"",NULL,NULL
475,""广东省深圳市福田区新世界商务中心"",NULL,NULL
476,""广东省深圳市福田区北方大厦"",NULL,NULL
477,""广东省深圳市福田区东景花园|2栋"",NULL,NULL
478,""广东省深圳市福田区红岭大厦|3栋"",NULL,NULL
479,""广东省深圳市龙岗区红岭路"",NULL,NULL
480,""广东省深圳市南山区蛇口公园路"",NULL,NULL
481,""广东省广州市"",NULL,NULL
482,""山东省济南市历城区洪楼南路"",NULL,NULL
483,""广东省深圳市福田区荔园市场"",NULL,NULL
484,""广东省深圳市罗湖区湖贝路"",NULL,NULL
485,""广东省深圳市罗湖区湖贝路"",NULL,NULL
486,""广东省深圳市南山区光侨街"",NULL,NULL
487,""广东省深圳市宝安区沙河工业区"",NULL,NULL
488,""福建省福州市鼓楼区五四北路|333号"",NULL,NULL
489,""广东省深圳市福田区新洲大厦"",NULL,NULL
490,""广东省深圳市罗湖区莲塘工业区"",NULL,NULL
491,""广东省深圳市罗湖区宝安路"",NULL,NULL
492,""广东省深圳市罗湖区洪一村"",NULL,NULL
493,""广东省深圳市南山区太子宾馆"",NULL,NULL
494,""广东省广州市荔湾区新围"",NULL,NULL
495,""山东省济南市历下区山大路"",NULL,NULL
496,""广东省深圳市罗湖区儿童公园东大门"",NULL,NULL
497,""广东省深圳市龙岗区同德路|3号"",NULL,NULL
498,""广东省深圳市盐田区盐梅路|23号"",NULL,NULL
499,""广东省深圳市福田区东园路|4栋"",NULL,NULL
500,""广东省深圳市福田区大门村"",NULL,NULL
501,""广东省深圳市罗湖区梅园路"",NULL,NULL
502,""广东省深圳市罗湖区新秀村"",NULL,NULL
503,""广东省深圳市福田区华海大厦"",NULL,NULL
504,""广东省深圳市南山区南山大道|3093号"",NULL,NULL
505,""广东省深圳市罗湖区中国电信"",NULL,NULL
506,""广东省深圳市南山区南山大厦"",NULL,NULL
507,""广东省广州市"",NULL,NULL
508,""山东省济南市天桥区车站北街|85号"",NULL,NULL
509,""广东省深圳市龙岗区东门路"",NULL,NULL
510,""广东省深圳市龙岗区建设路|5"",NULL,NULL
511,""广东省深圳市罗湖区东门北路|29号"",NULL,NULL
512,""广东省深圳市罗湖区东门北路|29号"",NULL,NULL
513,""广东省深圳市罗湖区东门北路|29号"",NULL,NULL
514,""广东省深圳市罗湖区东门北路|29号"",NULL,NULL
515,""广东省深圳市罗湖区翠松楼"",NULL,NULL
516,""广东省深圳市罗湖区凤凰路6号大院"",NULL,NULL
517,""广东省深圳市罗湖区文锦广场a区"",NULL,NULL
518,""广东省深圳市福田区深港建筑大楼"",NULL,NULL
519,""广东省深圳市南山区南山大厦"",NULL,NULL
520,""广东省深圳市龙岗区王母街"",NULL,NULL
521,""广东省广州市"",NULL,NULL
522,""山东省济南市槐荫区西光明街|7号楼"",NULL,NULL
523,""广东省深圳市福田区深南中路"",NULL,NULL
524,""广东省深圳市福田区时代科技大厦"",NULL,NULL
525,""广东省深圳市福田区八卦一路|10"",NULL,NULL
526,""广东省深圳市福田区经济大厦"",NULL,NULL
527,""广东省深圳市罗湖区仓库区"",NULL,NULL
528,""广东省深圳市福田区公司"",NULL,NULL
529,""广东省深圳市罗湖区碧波花园|25栋"",NULL,NULL
530,""广东省深圳市南山区圳大学"",NULL,NULL
531,""广东省深圳市罗湖区越众产业园|1栋"",NULL,NULL
532,""广东省深圳市罗湖区朝花大厦"",NULL,NULL
533,""广东省深圳市南山区蛇口"",NULL,NULL
534,""广东省深圳市罗湖区天安国际商业大厦|东座"",NULL,NULL
535,""广东省深圳市罗湖区深房广场"",NULL,NULL
536,""广东省深圳市罗湖区笋岗村"",NULL,NULL
537,""广东省深圳市罗湖区中兴路|2"",NULL,NULL
538,""广东省深圳市福田区福华路"",NULL,NULL
539,""广东省深圳市福田区岗厦村"",NULL,NULL
540,""广东省深圳市福田区岗厦"",NULL,NULL
541,""广东省深圳市南山区南贸市场"",NULL,NULL
542,""广东省深圳市宝安区大王山"",NULL,NULL
543,""广东省深圳市福田区农科中心"",NULL,NULL
544,""广东省广州市越秀区蛇口"",NULL,NULL
545,""广东省深圳市龙岗区爱联中心"",NULL,NULL
546,""广东省深圳市罗湖区泰山大厦"",NULL,NULL
547,""内蒙古自治区包头市青山区110国道"",NULL,NULL
548,""广东省深圳市罗湖区木材公司综合楼"",NULL,NULL
549,""广东省深圳市罗湖区深南东路|90"",NULL,NULL
550,""广东省深圳市罗湖区太宁路"",NULL,NULL
551,""广东省深圳市罗湖区洪湖一街|3"",NULL,NULL
552,""广东省深圳市福田区海外装饰大厦|A座"",NULL,NULL
553,""广东省深圳市罗湖区田贝二路|24号"",NULL,NULL
554,""广东省深圳市罗湖区银湖大厦"",NULL,NULL
555,""广东省深圳市福田区阳光高尔夫大厦"",NULL,NULL
556,""广东省深圳市罗湖区市航运总公司"",NULL,NULL
557,""广东省深圳市南山区蛇口"",NULL,NULL
558,""广东省广州市从化区新南村"",NULL,NULL
559,""广东省深圳市罗湖区华通大厦"",NULL,NULL
560,""陕西省西安市新城区解放路|63号"",NULL,NULL
561,""陕西省西安市高陵区泾渭一路"",NULL,NULL
562,""陕西省西安市未央区太平银象花园|5号楼"",NULL,NULL
563,""陕西省西安市未央区未央路|149号"",NULL,NULL
564,""陕西省西安市雁塔区创业广场|1幢"",NULL,NULL
565,""陕西省西安市高陵区田家村"",NULL,NULL
566,""陕西省西安市雁塔区a馆"",NULL,NULL
567,""陕西省西安市未央区凤城二路|9号"",NULL,NULL
568,""陕西省西安市未央区汉城街道办事处"",NULL,NULL
569,""陕西省西安市未央区金融大厦"",NULL,NULL
570,""陕西省西安市雁塔区曲江新区"",NULL,NULL
571,""陕西省西安市未央区海璟国际|5栋"",NULL,NULL
572,""陕西省西安市蓝田县大亮村"",NULL,NULL
573,""陕西省西安市雁塔区曲江文化大厦"",NULL,NULL
574,""陕西省西安市雁塔区曲江文化产业孵化中心|B座"",NULL,NULL
575,""陕西省西安市雁塔区曲江文化大厦"",NULL,NULL
576,""陕西省西安市碑林区南关正街|103号"",NULL,NULL
577,""陕西省西安市周至县南新街"",NULL,NULL
578,""陕西省西安市长安区办郭南村"",NULL,NULL
579,""广东省深圳市罗湖区东门北路3号大院"",NULL,NULL
580,""广东省深圳市罗湖区东门北路|40号"",NULL,NULL
581,""广东省深圳市罗湖区"",NULL,NULL
582,""广东省深圳市罗湖区大头岭"",NULL,NULL
583,""广东省深圳市福田区"",NULL,NULL
584,""广东省深圳市福田区"",NULL,NULL
585,""广东省深圳市罗湖区永新街|37"",NULL,NULL
586,""广东省深圳市罗湖区东门北路|40号"",NULL,NULL
587,""广东省深圳市南山区蛇口"",NULL,NULL
588,""广东省深圳市龙岗区水径派出所"",NULL,NULL
589,""广东省深圳市罗湖区广场北街"",NULL,NULL
590,""广东省深圳市南山区肉业综合楼|2栋"",NULL,NULL
591,""广东省深圳市南山区同乐二路"",NULL,NULL
592,""广东省深圳市罗湖区乐园路"",NULL,NULL
593,""广东省深圳市南山区麒麟路"",NULL,NULL
594,""广东省深圳市南山区常新路"",NULL,NULL
595,""广东省深圳市南山区南贸中心|2栋|C栋"",NULL,NULL
596,""广东省深圳市福田区天祥大厦|5栋|A"",NULL,NULL
597,""广东省深圳市南山区老干部活动中心"",NULL,NULL
598,""广东省深圳市福田区福庆街|6号"",NULL,NULL
599,""广东省深圳市南山区招商路|北10栋"",NULL,NULL
600,""广东省深圳市龙岗区公路局宿舍"",NULL,NULL
601,""广东省深圳市罗湖区洪湖大厦"",NULL,NULL
602,""广东省深圳市宝安区龙华汽车站"",NULL,NULL
603,""广东省深圳市罗湖区中国电信"",NULL,NULL
604,""广东省广州市白云区东门南路"",NULL,NULL
605,""广东省深圳市龙岗区工业村"",NULL,NULL
606,""广东省深圳市宝安区北环路"",NULL,NULL
607,""广东省深圳市福田区皇岗吉龙"",NULL,NULL
608,""广东省深圳市宝安区水围村"",NULL,NULL
609,""广东省广州市越秀区蛇口"",NULL,NULL
610,""广东省深圳市坪山区坪山"",NULL,NULL
611,""广东省深圳市宝安区光明"",NULL,NULL
612,""广东省深圳市罗湖区华都园|20楼"",NULL,NULL
613,""广东省深圳市罗湖区春风路"",NULL,NULL
614,""广东省深圳市罗湖区和平路"",NULL,NULL
615,""广东省深圳市罗湖区和平路"",NULL,NULL
616,""广东省深圳市龙岗区晶都大厦"",NULL,NULL
617,""广东省深圳市罗湖区海丰苑"",NULL,NULL
618,""广东省深圳市罗湖区嘉宾路|23号大院"",NULL,NULL
619,""广东省深圳市福田区广兰道|6号"",NULL,NULL
620,""广东省深圳市南山区圳大学|1号"",NULL,NULL
621,""广东省深圳市罗湖区翠竹路|18栋"",NULL,NULL
622,""广东省深圳市南山区荔园路"",NULL,NULL
623,""广东省深圳市龙岗区布吉"",NULL,NULL
624,""广东省深圳市罗湖区布心路"",NULL,NULL
625,""广东省深圳市"",NULL,NULL
626,""广东省深圳市福田区福华路|28号"",NULL,NULL
627,""广东省深圳市罗湖区乐园路|119号"",NULL,NULL
628,""广东省深圳市罗湖区熙龙大厦"",NULL,NULL
629,""广东省深圳市罗湖区宝平街|11栋"",NULL,NULL
630,""广东省深圳市罗湖区熙龙大厦"",NULL,NULL
631,""广东省深圳市罗湖区欢乐园"",NULL,NULL
632,""广东省深圳市福田区岗厦村"",NULL,NULL
633,""广东省广州市越秀区蛇口"",NULL,NULL
634,""广东省深圳市龙岗区爱联村"",NULL,NULL
635,""广东省深圳市南山区西丽"",NULL,NULL
636,""广东省深圳市福田区岗厦村"",NULL,NULL
637,""广东省深圳市罗湖区中兴路|77号"",NULL,NULL
638,""广东省深圳市罗湖区中兴路|77号"",NULL,NULL
639,""广东省深圳市罗湖区和平路"",NULL,NULL
640,""广东省深圳市盐田区万科中心"",NULL,NULL
641,""广东省深圳市罗湖区罗湖区北站"",NULL,NULL
642,""广东省深圳市坪山区花木场"",NULL,NULL
643,""广东省深圳市罗湖区友谊路|4号"",NULL,NULL
644,""广东省广州市越秀区蛇口"",NULL,NULL
645,""广东省深圳市龙岗区爱联村"",NULL,NULL
646,""广东省广州市增城区沙井大街"",NULL,NULL
647,""广东省中山市恒业路"",NULL,NULL
648,""广东省深圳市福田区中房景苑大厦|A座"",NULL,NULL
649,""广东省深圳市福田区红岭北路"",NULL,NULL
650,""广东省深圳市罗湖区物资大厦后面"",NULL,NULL
651,""广东省深圳市龙华区桂园路|34号"",NULL,NULL
652,""广东省深圳市罗湖区宝安北路/桃园路"",NULL,NULL
653,""广东省深圳市罗湖区友谊大厦|1栋"",NULL,NULL
654,""广东省深圳市罗湖区新兴村"",NULL,NULL
655,""广东省深圳市龙华区汇食街|20"",NULL,NULL
656,""广东省深圳市福田区岗厦村"",NULL,NULL
657,""广东省深圳市福田区下梅林"",NULL,NULL
658,""广东省广州市越秀区蛇口"",NULL,NULL
659,""广东省深圳市龙岗区爱联村"",NULL,NULL
660,""广东省广州市"",NULL,NULL
661,""广东省深圳市福田区埔尾村"",NULL,NULL
662,""广东省深圳市福田区福星花园大厦"",NULL,NULL
663,""广东省深圳市龙岗区红朱岭"",NULL,NULL
664,""广东省深圳市南山区"",NULL,NULL
665,""广东省深圳市罗湖区嘉宾路|19号|21号"",NULL,NULL
666,""广东省深圳市福田区香轩路|8号"",NULL,NULL
667,""广东省深圳市福田区园岭新村|88栋"",NULL,NULL
668,""广东省深圳市福田区红岭北路"",NULL,NULL
669,""广东省深圳市"",NULL,NULL
670,""广东省深圳市南山区工业三路"",NULL,NULL
671,""广东省深圳市龙岗区下水径"",NULL,NULL
672,""广东省广州市白云区光明"",NULL,NULL
673,""广东省深圳市罗湖区仓库区"",NULL,NULL
674,""广东省深圳市罗湖区万通大厦"",NULL,NULL
675,""北京市海淀区永澄北路2号院|1号楼|B座"",NULL,NULL
676,""广东省深圳市福田区农科中心"",NULL,NULL
677,""广东省深圳市福田区农科中心"",NULL,NULL
678,""广东省深圳市罗湖区宝安路"",NULL,NULL
679,""广东省深圳市罗湖区广场北街|3栋"",NULL,NULL
680,""广东省深圳市罗湖区贝丽北路"",NULL,NULL
681,""广东省深圳市福田区主楼"",NULL,NULL
682,""广东省深圳市福田区中电信息大厦|东座"",NULL,NULL
683,""广东省深圳市罗湖区田贝二路|6"",NULL,NULL
684,""广东省广州市越秀区蛇口"",NULL,NULL
685,""广东省深圳市龙岗区"",NULL,NULL
686,""广东省深圳市宝安区固戌"",NULL,NULL
687,""广东省深圳市福田区赤尾村"",NULL,NULL
688,""广东省深圳市福田区田面村|1栋"",NULL,NULL
689,""广东省深圳市福田区田面村"",NULL,NULL
690,""广东省深圳市福田区田面村"",NULL,NULL
691,""广东省深圳市宝安区福华路"",NULL,NULL
692,""广东省深圳市龙岗区南园路|24号"",NULL,NULL
693,""广东省深圳市福田区上梅林工业区"",NULL,NULL
694,""广东省深圳市南山区南新路"",NULL,NULL
695,""广东省深圳市南山区软件大厦"",NULL,NULL
696,""广东省深圳市南山区兴海路|1号"",NULL,NULL
697,""广东省深圳市宝安区工业大道"",NULL,NULL
698,""广东省深圳市龙岗区上李朗"",NULL,NULL
699,""广东省广州市花都区东方村"",NULL,NULL
700,""广东省广州市增城区新田街"",NULL,NULL
701,""辽宁省沈阳市和平区文化路|6号"",NULL,NULL
702,""陕西省汉中市城固县汉白路|62号"",NULL,NULL
703,""广东省深圳市南山区水产综合楼"",NULL,NULL
704,""浙江省"",NULL,NULL
705,""广东省深圳市罗湖区振业大厦|B"",NULL,NULL
706,""广东省深圳市南山区"",NULL,NULL
707,""广东省深圳市福田区新州花园|1栋"",NULL,NULL
708,""广东省深圳市福田区上梅林"",NULL,NULL
709,""广东省深圳市南山区西丽湖"",NULL,NULL
710,""广东省深圳市南山区南新路"",NULL,NULL
711,""广东省深圳市南山区南山劳动大厦"",NULL,NULL
712,""广东省深圳市罗湖区金城大厦|第6座"",NULL,NULL
713,""广东省深圳市南山区南新路|18号"",NULL,NULL
714,""广东省深圳市南山区四海紫竹园"",NULL,NULL
715,""广东省深圳市龙岗区爱联中心"",NULL,NULL
716,""广东省广州市"",NULL,NULL
717,""广东省深圳市南山区南新路|2253号"",NULL,NULL
718,""广东省深圳市罗湖区湖贝大厦"",NULL,NULL
719,""广东省深圳市南山区西丽湖度假村"",NULL,NULL
720,""广东省深圳市南山区桃园东路"",NULL,NULL
721,""广东省深圳市南山区西丽路"",NULL,NULL
722,""广东省深圳市南山区东滨路"",NULL,NULL
723,""广东省深圳市"",NULL,NULL
724,""广东省深圳市罗湖区临时仓库"",NULL,NULL
725,""广东省深圳市南山区南新路"",NULL,NULL
726,""广东省深圳市南山区南山大厦"",NULL,NULL
727,""广东省深圳市龙岗区丹竹头村"",NULL,NULL
728,""广东省深圳市南山区西丽镇"",NULL,NULL
729,""广东省深圳市南山区东方新地苑|D栋"",NULL,NULL
730,""广东省深圳市龙岗区红朱岭"",NULL,NULL
731,""广东省深圳市南山区西丽办事处"",NULL,NULL
732,""广东省深圳市南山区学府路|145号"",NULL,NULL
733,""广东省深圳市罗湖区宝丰大厦"",NULL,NULL
734,""广东省深圳市福田区深南中路|1号"",NULL,NULL
735,""山东省济南市历下区三庆枫润大厦"",NULL,NULL
736,""广东省深圳市南山区沁园路|4566号"",NULL,NULL
737,""广东省深圳市南山区蛇口花果山"",NULL,NULL
738,""广东省深圳市龙岗区牛岭吓村"",NULL,NULL
739,""广东省深圳市南山区圳大学"",NULL,NULL
740,""广东省深圳市罗湖区解放路|14号"",NULL,NULL
741,""广东省深圳市南山区西丽镇"",NULL,NULL
742,""广东省深圳市"",NULL,NULL
743,""广东省深圳市罗湖区解放路"",NULL,NULL
744,""广东省深圳市福田区酒家对面"",NULL,NULL
745,""广东省深圳市福田区田面新村"",NULL,NULL
746,""广东省深圳市南山区向南东村|35号"",NULL,NULL
747,""广东省深圳市罗湖区外贸进出口大楼"",NULL,NULL
748,""广东省深圳市南山区南水路"",NULL,NULL
749,""广东省深圳市龙岗区布吉镇"",NULL,NULL
750,""广东省广州市黄埔区湖滨路"",NULL,NULL
751,""广东省深圳市罗湖区宝平街|10号"",NULL,NULL
752,""广东省深圳市南山区沙河"",NULL,NULL
753,""广东省深圳市罗湖区太平洋商贸大厦|A座"",NULL,NULL
754,""广东省深圳市"",NULL,NULL
755,""海南省海口市龙华区cmec大厦"",NULL,NULL
756,""广东省深圳市罗湖区宝平街|11栋"",NULL,NULL
757,""广东省深圳市福田区田面村"",NULL,NULL
758,""广东省深圳市罗湖区德兴大厦"",NULL,NULL
759,""广东省深圳市南山区华侨城指挥部"",NULL,NULL
760,""广东省深圳市南山区四海加油站"",NULL,NULL
761,""广东省广州市"",NULL,NULL
762,""广东省深圳市宝安区文化大楼"",NULL,NULL
763,""广东省深圳市南山区南山大道"",NULL,NULL
764,""广东省深圳市"",NULL,NULL
765,""广东省深圳市福田区建发大厦"",NULL,NULL
766,""广东省深圳市福田区福星路"",NULL,NULL
767,""广东省深圳市福田区长平大厦"",NULL,NULL
768,""广东省深圳市福田区交通银行大厦"",NULL,NULL
769,""广东省深圳市福田区中信大厦"",NULL,NULL
770,""广东省深圳市罗湖区红岗大厦"",NULL,NULL
771,""广东省深圳市南山区市政大厦"",NULL,NULL
772,""广东省深圳市南山区西丽"",NULL,NULL
773,""广东省深圳市南山区花果山市场"",NULL,NULL
774,""广东省深圳市龙岗区龙岗镇"",NULL,NULL
775,""广东省深圳市福田区福庆街|19"",NULL,NULL
776,""广东省深圳市南山区阳光科创中心"",NULL,NULL
777,""广东省深圳市龙岗区大新街"",NULL,NULL
778,""广东省深圳市罗湖区翠竹路|18栋"",NULL,NULL
779,""广东省深圳市福田区福星路"",NULL,NULL
780,""广东省深圳市福田区"",NULL,NULL
781,""广东省深圳市南山区沙河工业区"",NULL,NULL
782,""广东省深圳市南山区华侨城"",NULL,NULL
783,""广东省深圳市南山区沙河"",NULL,NULL
784,""广东省深圳市宝安区盐田大街"",NULL,NULL
785,""广东省深圳市龙岗区工业大道"",NULL,NULL
786,""广东省深圳市龙岗区龙东农贸批发市场"",NULL,NULL
787,""广东省广州市"",NULL,NULL
788,""广东省深圳市罗湖区卫生局大楼"",NULL,NULL
789,""广东省深圳市罗湖区桂园路|13号"",NULL,NULL
790,""广东省深圳市罗湖区酒店对面"",NULL,NULL
791,""广东省深圳市罗湖区湖北宝丰大厦"",NULL,NULL
792,""广东省深圳市福田区深圳图书馆"",NULL,NULL
793,""广东省深圳市罗湖区工人文化宫"",NULL,NULL
794,""广东省深圳市罗湖区深南东路|207"",NULL,NULL
795,""广东省深圳市罗湖区桂园路|11号"",NULL,NULL
796,""广东省深圳市罗湖区解放路/永新街"",NULL,NULL
797,""广东省深圳市罗湖区清平路"",NULL,NULL
798,""广东省深圳市龙岗区南联"",NULL,NULL
799,""广东省深圳市罗湖区爱国路|9号"",NULL,NULL
800,""广东省深圳市罗湖区天安国际大厦|C座"",NULL,NULL
801,""广东省深圳市罗湖区湖工业大厦"",NULL,NULL
802,""广东省深圳市南山区八号路"",NULL,NULL
803,""广东省深圳市盐田区外经工业楼"",NULL,NULL
804,""广东省深圳市盐田区沙头角镇"",NULL,NULL
805,""广东省深圳市盐田区大梅沙"",NULL,NULL
806,""广东省深圳市龙岗区华强南路"",NULL,NULL
807,""广东省深圳市罗湖区人民北路"",NULL,NULL
808,""广东省深圳市龙岗区荔园新村"",NULL,NULL
809,""广东省深圳市龙岗区"",NULL,NULL
810,""广东省深圳市罗湖区南庆街"",NULL,NULL
811,""广东省深圳市罗湖区深圳武警医院"",NULL,NULL
812,""广东省深圳市"",NULL,NULL
813,""广东省深圳市南山区中山园路"",NULL,NULL
814,""广东省深圳市福田区岗厦市场"",NULL,NULL
815,""广东省深圳市福田区东园路"",NULL,NULL
816,""广东省深圳市宝安区沙河工业区"",NULL,NULL
817,""广东省深圳市南山区中新街"",NULL,NULL
818,""广东省深圳市南山区西组团"",NULL,NULL
819,""广东省深圳市南山区蛇口"",NULL,NULL
820,""广东省深圳市"",NULL,NULL
821,""江西省南昌市新建区华府景园|2栋"",NULL,NULL
822,""广东省深圳市南山区倚荔楼"",NULL,NULL
823,""广东省深圳市南山区阳光科创中心"",NULL,NULL
824,""广东省深圳市南山区第五工业区"",NULL,NULL
825,""广东省深圳市罗湖区经泽大厦"",NULL,NULL
826,""广东省深圳市南山区向南路"",NULL,NULL
827,""广东省深圳市盐田区老围"",NULL,NULL
828,""广东省深圳市南山区新塘村"",NULL,NULL
829,""广东省深圳市罗湖区"",NULL,NULL
830,""广东省深圳市福田区城大厦"",NULL,NULL
831,""广东省深圳市龙岗区中兴路|60号"",NULL,NULL
832,""广东省广州市越秀区蛇口"",NULL,NULL
833,""广东省深圳市龙岗区裕丰大厦"",NULL,NULL
834,""广东省深圳市龙岗区中兴路|60号"",NULL,NULL
835,""广东省深圳市龙岗区东门路|61"",NULL,NULL
836,""广东省深圳市福田区市体育中心"",NULL,NULL
837,""广东省深圳市罗湖区洪涛大厦"",NULL,NULL
838,""广东省深圳市罗湖区嘉宾路|23号大院"",NULL,NULL
839,""广东省深圳市罗湖区人民南路"",NULL,NULL
840,""广东省深圳市福田区福华路|32"",NULL,NULL
841,""广东省深圳市罗湖区解放路"",NULL,NULL
842,""广东省深圳市罗湖区船步街|37"",NULL,NULL
843,""广东省深圳市罗湖区晒布路|2号"",NULL,NULL
844,""广东省广州市越秀区蛇口"",NULL,NULL
845,""广东省广州市番禺区罗岗工业区|32号"",NULL,NULL
846,""广东省深圳市罗湖区梅园仓库|4栋"",NULL,NULL
847,""广东省深圳市罗湖区童乐路"",NULL,NULL
848,""广东省深圳市福田区南园路|4"",NULL,NULL
849,""广东省深圳市罗湖区湖贝村西坊"",NULL,NULL
850,""广东省深圳市罗湖区水田二街|5号楼"",NULL,NULL
851,""广东省深圳市罗湖区大头岭"",NULL,NULL
852,""广东省深圳市南山区深圳大学"",NULL,NULL
853,""广东省深圳市罗湖区桂园路"",NULL,NULL
854,""广东省深圳市"",NULL,NULL
855,""内蒙古自治区巴彦淖尔市乌拉特中旗金融街坊"",NULL,NULL
856,""广东省深圳市罗湖区建设路|1楼"",NULL,NULL
857,""广东省深圳市南山区临园大厦"",NULL,NULL
858,""广东省深圳市龙岗区大埔工业区"",NULL,NULL
859,""广东省深圳市罗湖区笋岗路"",NULL,NULL
860,""广东省深圳市盐田区下渔村"",NULL,NULL
861,""广东省深圳市南山区南新路"",NULL,NULL
862,""广东省深圳市南山区南新路"",NULL,NULL
863,""广东省深圳市福田区上步中学"",NULL,NULL
864,""广东省惠州市惠东县飞鹅东路"",NULL,NULL
865,""广东省深圳市罗湖区永新街|37号"",NULL,NULL
866,""广东省深圳市罗湖区湖贝路"",NULL,NULL
867,""广东省深圳市福田区龙塘"",NULL,NULL
868,""广东省深圳市福田区红岭南路"",NULL,NULL
869,""广东省深圳市"",NULL,NULL
870,""广东省广州市越秀区蛇口"",NULL,NULL
871,""广东省深圳市龙岗区龙平路"",NULL,NULL
872,""广东省深圳市"",NULL,NULL
873,""广东省深圳市福田区埔尾村"",NULL,NULL
874,""广东省深圳市"",NULL,NULL
875,""广东省深圳市盐田区建工大夏"",NULL,NULL
876,""广东省深圳市罗湖区东门中路|26号"",NULL,NULL
877,""广东省深圳市福田区深药大厦"",NULL,NULL
878,""广东省深圳市福田区华南电力大厦"",NULL,NULL
879,""广东省深圳市"",NULL,NULL
880,""广东省深圳市南山区后海工业区|15栋"",NULL,NULL
881,""广东省深圳市罗湖区韶深大楼"",NULL,NULL
882,""广东省广州市越秀区蛇口"",NULL,NULL
883,""广东省深圳市龙岗区龙东乡"",NULL,NULL
884,""广东省广州市"",NULL,NULL
885,""广东省深圳市福田区福岗园"",NULL,NULL
886,""广东省深圳市罗湖区建材贸易大厦"",NULL,NULL
887,""广东省深圳市南山区大勘一村桥边村"",NULL,NULL
888,""广东省深圳市宝安区荔枝公园"",NULL,NULL
889,""广东省深圳市福田区经济大厦"",NULL,NULL
890,""广东省深圳市罗湖区仓库都荣市场"",NULL,NULL
891,""广东省深圳市罗湖区大院"",NULL,NULL
892,""广东省深圳市罗湖区松园路|3栋"",NULL,NULL
893,""广东省深圳市罗湖区城东街"",NULL,NULL
894,""广东省深圳市福田区梅林街道车管所"",NULL,NULL
895,""广东省深圳市南山区港海滨花园海阳阁"",NULL,NULL
896,""广东省广州市"",NULL,NULL
897,""广东省广州市"",NULL,NULL
898,""广东省深圳市福田区"",NULL,NULL
899,""广东省深圳市福田区香蜜湖|东座"",NULL,NULL
900,""广东省深圳市"",NULL,NULL
901,""广东省深圳市罗湖区"",NULL,NULL
902,""广东省深圳市罗湖区湖贝路"",NULL,NULL
903,""广东省深圳市罗湖区鸿基大厦"",NULL,NULL
904,""广东省深圳市南山区西丽湖度假村"",NULL,NULL
905,""广东省深圳市南山区西丽湖度假村"",NULL,NULL
906,""广东省深圳市南山区西丽湖渡假村"",NULL,NULL
907,""广东省深圳市罗湖区深圳中学"",NULL,NULL
908,""广东省深圳市龙岗区金顺大厦|A"",NULL,NULL
909,""广东省广州市"",NULL,NULL
910,""广东省深圳市罗湖区罗湖大厦"",NULL,NULL
911,""广东省深圳市南山区南苑新村"",NULL,NULL
912,""广东省深圳市罗湖区人民北路|120栋"",NULL,NULL
913,""广东省深圳市罗湖区金福大厦"",NULL,NULL
914,""广东省深圳市龙岗区布吉"",NULL,NULL
915,""广东省深圳市罗湖区洪湖一街|2"",NULL,NULL
916,""广东省深圳市罗湖区嘉宾路"",NULL,NULL
917,""广东省深圳市龙岗区大新街"",NULL,NULL
918,""广东省深圳市宝安区大王山"",NULL,NULL
919,""广东省深圳市福田区深纺大厦"",NULL,NULL
920,""广东省深圳市南山区石云村|4栋"",NULL,NULL
921,""广东省深圳市龙岗区布吉"",NULL,NULL
922,""广东省深圳市龙华区新兰大街"",NULL,NULL
923,""广东省深圳市罗湖区罗湖大厦"",NULL,NULL
924,""广东省深圳市罗湖区东湖公园"",NULL,NULL
925,""广东省深圳市罗湖区宝安路"",NULL,NULL
926,""广东省深圳市盐田区小梅沙"",NULL,NULL
927,""广东省深圳市盐田区小梅沙"",NULL,NULL
928,""广东省深圳市盐田区小梅沙"",NULL,NULL
929,""广东省深圳市盐田区小梅沙"",NULL,NULL
930,""广东省深圳市盐田区工业厂房"",NULL,NULL
931,""广东省深圳市罗湖区火车站东侧"",NULL,NULL
932,""广东省深圳市罗湖区和平路"",NULL,NULL
933,""广东省深圳市龙岗区爱联新村"",NULL,NULL
934,""广东省深圳市罗湖区翠兰楼"",NULL,NULL
935,""广东省深圳市福田区园建大楼"",NULL,NULL
936,""广东省深圳市宝安区沙河工业区"",NULL,NULL
937,""广东省深圳市南山区中新街"",NULL,NULL
938,""广东省深圳市罗湖区深南东路"",NULL,NULL
939,""广东省深圳市福田区荣生大楼"",NULL,NULL
940,""广东省深圳市罗湖区深南东路"",NULL,NULL
941,""广东省深圳市罗湖区坭岗路"",NULL,NULL
942,""广东省深圳市罗湖区鸿波大厦"",NULL,NULL
943,""广东省深圳市南山区石云村|4栋"",NULL,NULL
944,""广东省深圳市龙岗区"",NULL,NULL
945,""辽宁省沈阳市沈河区文艺路|44号"",NULL,NULL
946,""北京市海淀区紫竹院南路|17号"",NULL,NULL
947,""广东省深圳市罗湖区邮政大厦"",NULL,NULL
948,""陕西省西安市碑林区长鑫大厦"",NULL,NULL
949,""陕西省西安市未央区徐家湾"",NULL,NULL
950,""广东省深圳市罗湖区人民北路"",NULL,NULL
951,""广东省深圳市罗湖区国贸大厦"",NULL,NULL
952,""广东省深圳市罗湖区罗湖大厦|4栋"",NULL,NULL
953,""广东省深圳市罗湖区万通大厦"",NULL,NULL
954,""广东省深圳市盐田区沙头角"",NULL,NULL
955,""广东省深圳市盐田区沙头角"",NULL,NULL
956,""广东省深圳市罗湖区东门南路"",NULL,NULL
957,""广东省深圳市南山区南新路"",NULL,NULL
958,""北京市顺义区天柱路|10号"",NULL,NULL
959,""广东省深圳市福田区下梅林|2栋"",NULL,NULL
960,""广东省深圳市南山区南水步行街"",NULL,NULL
961,""广东省深圳市龙岗区东二村|6号"",NULL,NULL
962,""广东省深圳市福田区福华路|32"",NULL,NULL
963,""广东省深圳市福田区福安街|129栋"",NULL,NULL
964,""广东省深圳市福田区福强路"",NULL,NULL
965,""广东省深圳市龙华区老围村"",NULL,NULL
966,""广东省深圳市南山区南新路|32号"",NULL,NULL
967,""广东省深圳市罗湖区立新路|39"",NULL,NULL
968,""广东省深圳市福田区白沙岭"",NULL,NULL
969,""广东省深圳市盐田区横头街|2号"",NULL,NULL
970,""广东省深圳市龙岗区东门路"",NULL,NULL
971,""广东省深圳市福田区红荔西路"",NULL,NULL
972,""广东省广州市越秀区蛇口"",NULL,NULL
973,""广东省广州市"",NULL,NULL
974,""广东省广州市"",NULL,NULL
975,""广东省深圳市福田区红荔路|4018号"",NULL,NULL
976,""广东省深圳市南山区南新路|33号"",NULL,NULL
977,""广东省深圳市南山区南头街"",NULL,NULL
978,""广东省深圳市罗湖区爱国路"",NULL,NULL
979,""广东省深圳市福田区荔枝公园"",NULL,NULL
980,""广东省深圳市宝安区荔枝公园"",NULL,NULL
981,""广东省深圳市宝安区荔枝公园"",NULL,NULL
982,""广东省深圳市宝安区荔枝公园"",NULL,NULL
983,""广东省深圳市福田区红荔路"",NULL,NULL
984,""广东省深圳市龙岗区人工湖"",NULL,NULL
985,""广东省深圳市南山区工业厂房"",NULL,NULL
986,""广东省广州市从化区新南村"",NULL,NULL
987,""广东省深圳市宝安区荔枝公园"",NULL,NULL
988,""广东省深圳市福田区红会医院"",NULL,NULL
989,""广东省深圳市罗湖区东门北路|2070号"",NULL,NULL
990,""广东省深圳市罗湖区同庆阁|25"",NULL,NULL
991,""广东省深圳市罗湖区东门北路|2070号"",NULL,NULL
992,""广东省深圳市罗湖区东湖公园"",NULL,NULL
993,""广东省深圳市罗湖区"",NULL,NULL
994,""广东省深圳市罗湖区罗沙路|2076号"",NULL,NULL
995,""广东省深圳市罗湖区东湖公园"",NULL,NULL
996,""广东省深圳市罗湖区彭坑龙"",NULL,NULL
997,""广东省深圳市南山区深圳蛇口半岛花园"",NULL,NULL
998,""广东省深圳市龙岗区年丰村工业区"",NULL,NULL
999,""广东省深圳市福田区长源楼"",NULL,NULL
1000,""广东省深圳市福田区红岭北路"",NULL,NULL
1001,""广东省深圳市盐田区沙头角镇"",NULL,NULL
1002,""广东省深圳市福田区深圳音乐厅"",NULL,NULL
1003,""广东省深圳市罗湖区红岗路"",NULL,NULL
1004,""广东省深圳市罗湖区中兴路"",NULL,NULL
1005,""广东省深圳市罗湖区清水河"",NULL,NULL
1006,""广东省深圳市罗湖区解放西路"",NULL,NULL
1007,""广东省深圳市福田区北市场"",NULL,NULL
1008,""广东省深圳市罗湖区罗湖边检"",NULL,NULL
1009,""广东省深圳市南山区综合楼"",NULL,NULL
1010,""广东省深圳市龙岗区华侨新村|159号楼"",NULL,NULL
1011,""广东省深圳市宝安区松岗镇"",NULL,NULL
1012,""广东省江门市开平市祥龙三区|36号楼"",NULL,NULL
1013,""广东省深圳市罗湖区桂园路"",NULL,NULL
1014,""广东省深圳市罗湖区东湖公园"",NULL,NULL
1015,""广东省深圳市福田区幸福阁"",NULL,NULL
1016,""广东省深圳市南山区嘉进隆汽车广场"",NULL,NULL
1017,""广东省深圳市罗湖区太宁路|-"",NULL,NULL
1018,""广东省深圳市罗湖区清水河"",NULL,NULL
1019,""广东省深圳市罗湖区晒布路|1号"",NULL,NULL
1020,""广东省深圳市罗湖区解放路|34"",NULL,NULL
1021,""广东省深圳市"",NULL,NULL
1022,""广东省深圳市南山区利信综合楼"",NULL,NULL
1023,""广东省深圳市龙岗区翠峰丽景|2栋"",NULL,NULL
1024,""广东省深圳市"",NULL,NULL
1025,""广东省深圳市福田区北环加油站"",NULL,NULL
1026,""广东省深圳市宝安区福华路|11号"",NULL,NULL
1027,""广东省深圳市福田区北环路"",NULL,NULL
1028,""广东省深圳市福田区下梅林"",NULL,NULL
1029,""广东省深圳市福田区北环路"",NULL,NULL
1030,""广东省深圳市福田区下梅林"",NULL,NULL
1031,""广东省深圳市"",NULL,NULL
1032,""广东省深圳市南山区西丽"",NULL,NULL
1033,""广东省深圳市罗湖区深南东路"",NULL,NULL
1034,""广东省深圳市南山区太子路"",NULL,NULL
1035,""广东省广州市"",NULL,NULL
1036,""广东省珠海市香洲区金同路"",NULL,NULL
1037,""广东省深圳市福田区福华路"",NULL,NULL
1038,""广东省深圳市罗湖区解放路"",NULL,NULL
1039,""广东省深圳市福田区埔尾新村|28栋"",NULL,NULL
1040,""广东省深圳市福田区核电大厦"",NULL,NULL
1041,""广东省深圳市福田区园岭|45栋"",NULL,NULL
1042,""广东省深圳市罗湖区深南路"",NULL,NULL
1043,""广东省深圳市龙岗区红朱岭"",NULL,NULL
1044,""广东省深圳市罗湖区宝安南路"",NULL,NULL
1045,""广东省深圳市福田区南园路|12号"",NULL,NULL
1046,""广东省深圳市宝安区上兴村"",NULL,NULL
1047,""广东省深圳市龙岗区工业大道"",NULL,NULL
1048,""广东省深圳市龙岗区新南村"",NULL,NULL
1049,""广东省深圳市福田区下梅林"",NULL,NULL
1050,""广东省深圳市罗湖区长虹大厦"",NULL,NULL
1051,""广东省深圳市福田区下梅林"",NULL,NULL
1052,""广东省深圳市罗湖区深南东路|150"",NULL,NULL
1053,""广东省深圳市福田区福田商贸大厦"",NULL,NULL
1054,""广东省深圳市南山区光侨街"",NULL,NULL
1055,""广东省深圳市福田区市政工程公司"",NULL,NULL
1056,""广东省深圳市南山区华侨城"",NULL,NULL
1057,""广东省深圳市盐田区沙盐路"",NULL,NULL
1058,""广东省深圳市罗湖区城东街|9"",NULL,NULL
1059,""广东省深圳市龙岗区山顶别墅"",NULL,NULL
1060,""广东省广州市"",NULL,NULL
1061,""广东省深圳市福田区南园路|9号"",NULL,NULL
1062,""广东省深圳市福田区竹子林"",NULL,NULL
1063,""广东省深圳市南山区同乐村"",NULL,NULL
1064,""广东省深圳市罗湖区永新街"",NULL,NULL
1065,""广东省深圳市南山区南新路"",NULL,NULL
1066,""广东省深圳市南山区南新路|2028号"",NULL,NULL
1067,""广东省深圳市南山区南新路|46号"",NULL,NULL
1068,""广东省深圳市南山区上沙河"",NULL,NULL
1069,""广东省深圳市南山区南新路"",NULL,NULL
1070,""广东省深圳市南山区兴海路"",NULL,NULL
1071,""广东省深圳市南山区南水小区|A|9栋"",NULL,NULL
1072,""广东省深圳市龙岗区布吉"",NULL,NULL
1073,""广东省广州市番禺区邮电大楼"",NULL,NULL
1074,""山东省潍坊市昌邑市常太屯村"",NULL,NULL
1075,""广东省深圳市南山区兴海路"",NULL,NULL
1076,""广东省深圳市南山区上沙河"",NULL,NULL
1077,""广东省深圳市龙岗区龙岗区府大院"",NULL,NULL
1078,""广东省深圳市南山区南新路|88号"",NULL,NULL
1079,""广东省深圳市宝安区桃园路"",NULL,NULL
1080,""广东省深圳市南山区兴海路"",NULL,NULL
1081,""广东省深圳市南山区南新路|88号"",NULL,NULL
1082,""广东省深圳市福田区邮电综合楼"",NULL,NULL
1083,""广东省深圳市盐田区中英街|18号"",NULL,NULL
1084,""广东省深圳市罗湖区"",NULL,NULL
1085,""广东省深圳市南山区招商大厦"",NULL,NULL
1086,""广东省广州市花都区东方村"",NULL,NULL
1087,""广东省深圳市盐田区环城路"",NULL,NULL
1088,""广东省深圳市盐田区工业村"",NULL,NULL
1089,""广东省深圳市罗湖区建设路"",NULL,NULL
1090,""广东省深圳市罗湖区深南东路"",NULL,NULL
1091,""广东省深圳市福田区红岭中路"",NULL,NULL
1092,""广东省深圳市罗湖区深南东路|100号"",NULL,NULL
1093,""广东省深圳市罗湖区凉果街2号大院|5栋"",NULL,NULL
1094,""广东省深圳市罗湖区庆安大厦"",NULL,NULL
1095,""广东省深圳市福田区福华路|28号"",NULL,NULL
1096,""广东省深圳市罗湖区南华街|12栋"",NULL,NULL
1097,""广东省深圳市南山区蛇口"",NULL,NULL
1098,""广东省深圳市龙岗区金积嘉公司厂房"",NULL,NULL
1099,""广东省深圳市罗湖区深南东路"",NULL,NULL
1100,""广东省深圳市福田区兴华大厦"",NULL,NULL
1101,""广东省深圳市福田区上步振华"",NULL,NULL
1102,""广东省深圳市罗湖区桂园路|94"",NULL,NULL
1103,""广东省深圳市福田区兴华大厦"",NULL,NULL
1104,""广东省深圳市福田区迪富大厦"",NULL,NULL
1105,""广东省深圳市罗湖区房地产大厦"",NULL,NULL
1106,""广东省深圳市罗湖区红岭路|1号"",NULL,NULL
1107,""广东省深圳市罗湖区新平村"",NULL,NULL
1108,""广东省深圳市罗湖区金城大厦"",NULL,NULL
1109,""广东省深圳市南山区招商路"",NULL,NULL
1110,""广东省深圳市龙岗区龙东"",NULL,NULL
1111,""广东省深圳市盐田区环城路"",NULL,NULL
1112,""广东省深圳市盐田区沙头角"",NULL,NULL
1113,""广东省深圳市罗湖区深华商业大厦"",NULL,NULL
1114,""广东省深圳市龙华区爱国路|1号"",NULL,NULL
1115,""广东省深圳市坪山区和平路|26号"",NULL,NULL
1116,""广东省深圳市南山区南新路|3055"",NULL,NULL
1117,""广东省深圳市福田区统建办公楼"",NULL,NULL
1118,""广东省深圳市福田区福华路|32"",NULL,NULL
1119,""广东省深圳市福田区红荔路|1号"",NULL,NULL
1120,""广东省深圳市南山区统建楼"",NULL,NULL
1121,""吉林省长春市朝阳区红旗街|49"",NULL,NULL
1122,""广东省深圳市南山区蛇口荣村"",NULL,NULL
1123,""广东省深圳市龙岗区平湖"",NULL,NULL
1124,""广东省深圳市南山区田厦统建楼|5栋"",NULL,NULL
1125,""广东省深圳市南山区南新路"",NULL,NULL
1126,""广东省深圳市福田区百花公寓大厦"",NULL,NULL
1127,""广东省深圳市罗湖区解放路|3034号"",NULL,NULL
1128,""广东省深圳市宝安区新安街道47区"",NULL,NULL
1129,""广东省深圳市罗湖区湖贝路|63号"",NULL,NULL
1130,""广东省深圳市罗湖区房地产大厦"",NULL,NULL
1131,""广东省深圳市福田区华新小区"",NULL,NULL
1132,""广东省深圳市罗湖区红岗路"",NULL,NULL
1133,""广东省深圳市罗湖区新园路|1"",NULL,NULL
1134,""广东省广州市越秀区蛇口"",NULL,NULL
1135,""广东省广州市增城区安良村"",NULL,NULL
1136,""广东省深圳市龙华区观澜"",NULL,NULL
1137,""广东省深圳市罗湖区深圳戏院"",NULL,NULL
1138,""广东省深圳市罗湖区园林"",NULL,NULL
1139,""广东省深圳市罗湖区园林集团总部"",NULL,NULL
1140,""广东省深圳市福田区深圳市第二人民医院"",NULL,NULL
1141,""广东省深圳市"",NULL,NULL
1142,""广东省深圳市福田区华新小区|6栋"",NULL,NULL
1143,""广东省深圳市罗湖区解放路"",NULL,NULL
1144,""广东省深圳市南山区光华街"",NULL,NULL
1145,""广东省深圳市宝安区沙河工业区"",NULL,NULL
1146,""广东省深圳市南山区沙河"",NULL,NULL
1147,""广东省深圳市南山区南苑|A"",NULL,NULL
1148,""广东省深圳市龙岗区深汕路|148号"",NULL,NULL
1149,""广东省深圳市福田区深南中路|2"",NULL,NULL
1150,""广东省深圳市宝安区沙河工业区"",NULL,NULL
1151,""广东省深圳市南山区光华街"",NULL,NULL
1152,""广东省深圳市宝安区沙河工业区"",NULL,NULL
1153,""广东省深圳市盐田区粤和街|2号"",NULL,NULL
1154,""广东省深圳市罗湖区清水河一路|92号"",NULL,NULL
1155,""广东省湛江市霞山区阳光花园"",NULL,NULL
1156,""广东省深圳市罗湖区物资大厦"",NULL,NULL
1157,""广东省深圳市罗湖区桃园路|2号"",NULL,NULL
1158,""河南省郑州市"",NULL,NULL
1159,""广东省深圳市南山区兴工路"",NULL,NULL
1160,""广东省深圳市龙岗区坪东"",NULL,NULL
1161,""广东省深圳市福田区石厦路"",NULL,NULL
1162,""广东省深圳市罗湖区东晓路|3069号"",NULL,NULL
1163,""广东省深圳市福田区上步路"",NULL,NULL
1164,""广东省深圳市福田区同心路|7"",NULL,NULL
1165,""广东省深圳市宝安区北环路"",NULL,NULL
1166,""广东省深圳市盐田区田心东路|8号"",NULL,NULL
1167,""广东省深圳市福田区福华路|18号"",NULL,NULL
1168,""广东省珠海市香洲区翠前南路|43|-4"",NULL,NULL
1169,""广东省深圳市罗湖区水产大厦"",NULL,NULL
1170,""广东省深圳市罗湖区惠州经贸大厦"",NULL,NULL
1171,""广东省深圳市罗湖区桂园路|45"",NULL,NULL
1172,""广东省深圳市南山区太子路"",NULL,NULL
1173,""广东省深圳市龙岗区白泥坑"",NULL,NULL
1174,""广东省深圳市宝安区共乐村"",NULL,NULL
1175,""广东省深圳市罗湖区笋岗仓库"",NULL,NULL
1176,""广东省深圳市南山区南新路|2122号"",NULL,NULL
1177,""广东省深圳市宝安区解放路"",NULL,NULL
1178,""广东省深圳市福田区皇岗路"",NULL,NULL
1179,""广东省深圳市罗湖区解放路|78号"",NULL,NULL
1180,""广东省深圳市罗湖区建设路"",NULL,NULL
1181,""广东省深圳市龙华区人民北路|98栋"",NULL,NULL
1182,""广东省深圳市福田区竹子林"",NULL,NULL
1183,""广东省深圳市罗湖区湖贝路"",NULL,NULL
1184,""广东省深圳市福田区上步中路|1016号"",NULL,NULL
1185,""广东省广州市海珠区沥南苑新村"",NULL,NULL
1186,""广东省深圳市"",NULL,NULL
1187,""广东省深圳市南山区北环路"",NULL,NULL
1188,""广东省深圳市罗湖区田贝四路|12号"",NULL,NULL
1189,""广东省深圳市福田区八卦二路|526栋"",NULL,NULL
1190,""广东省江门市江海区金溪"",NULL,NULL
1191,""广东省深圳市南山区南山市场北侧"",NULL,NULL
1192,""广东省深圳市南山区西丽"",NULL,NULL
1193,""广东省深圳市"",NULL,NULL
1194,""广东省深圳市南山区大冲村"",NULL,NULL
1195,""广东省深圳市南山区向南村"",NULL,NULL
1196,""广东省深圳市盐田区沙头角"",NULL,NULL
1197,""广东省深圳市南山区碧涛苑"",NULL,NULL
1198,""广东省深圳市龙岗区大靓村"",NULL,NULL
1199,""吉林省吉林市龙潭区江密峰镇"",NULL,NULL
1200,""辽宁省沈阳市和平区河北街|15号"",NULL,NULL
1201,""广东省深圳市盐田区鹏湾一村|5栋"",NULL,NULL
1202,""广东省深圳市盐田区环城路"",NULL,NULL
1203,""广东省深圳市福田区华新小区"",NULL,NULL
1204,""广东省深圳市福田区下梅林村"",NULL,NULL
1205,""广东省深圳市福田区华海大厦"",NULL,NULL
1206,""广东省深圳市福田区华强北路|4号"",NULL,NULL
1207,""广东省深圳市福田区龙秋村"",NULL,NULL
1208,""广东省深圳市福田区新洲村"",NULL,NULL
1209,""广东省深圳市南山区新能源大厦"",NULL,NULL
1210,""广东省深圳市龙岗区人工湖"",NULL,NULL
1211,""广东省广州市黄埔区岗头"",NULL,NULL
1212,""广东省深圳市罗湖区联兴大厦|南座"",NULL,NULL
1213,""广东省深圳市罗湖区西湖大厦"",NULL,NULL
1214,""广东省深圳市罗湖区东门中路"",NULL,NULL
1215,""广东省深圳市龙岗区东门路|5号"",NULL,NULL
1216,""广东省深圳市福田区兴华大厦"",NULL,NULL
1217,""广东省深圳市福田区燕南路|405栋"",NULL,NULL
1218,""广东省深圳市罗湖区深南东路|2031号"",NULL,NULL
1219,""广东省深圳市罗湖区文锦中路|7号"",NULL,NULL
1220,""广东省深圳市罗湖区桂园路|37号"",NULL,NULL
1221,""广东省深圳市南山区蛇口"",NULL,NULL
1222,""广东省广州市"",NULL,NULL
1223,""广东省深圳市龙岗区教育新村"",NULL,NULL
1224,""广东省深圳市罗湖区南湖路"",NULL,NULL
1225,""广东省深圳市罗湖区新安路|29号"",NULL,NULL
1226,""广东省深圳市罗湖区东郊街|31号"",NULL,NULL
1227,""广东省深圳市罗湖区文锦路"",NULL,NULL
1228,""广东省深圳市罗湖区新园路|3栋"",NULL,NULL
1229,""广东省深圳市罗湖区龙屋|11幢"",NULL,NULL
1230,""广东省深圳市龙岗区教育新村"",NULL,NULL
1231,""广东省深圳市罗湖区口岸联检大楼"",NULL,NULL
1232,""广东省深圳市罗湖区新园路|58"",NULL,NULL
1233,""广东省深圳市龙岗区龙西路"",NULL,NULL
1234,""广东省深圳市宝安区沙井街"",NULL,NULL
1235,""广东省深圳市罗湖区文锦北路"",NULL,NULL
1236,""广东省深圳市罗湖区中兴路|219号"",NULL,NULL
1237,""广东省深圳市福田区中航公寓大厦|北座"",NULL,NULL
1238,""广东省深圳市罗湖区和平路|1089号"",NULL,NULL
1239,""广东省深圳市罗湖区怡景花园"",NULL,NULL
1240,""广东省深圳市罗湖区深圳市文化宫|-1号"",NULL,NULL
1241,""广东省深圳市罗湖区晒布路|4"",NULL,NULL
1242,""广东省深圳市龙岗区南新街"",NULL,NULL
1243,""广东省深圳市罗湖区新园路|5"",NULL,NULL
1244,""广东省深圳市罗湖区红岭中路|2031"",NULL,NULL
1245,""广东省深圳市龙岗区"",NULL,NULL
1246,""广东省深圳市宝安区荔园路|16号"",NULL,NULL
1247,""广东省深圳市罗湖区红岗路|1068号"",NULL,NULL
1248,""广东省深圳市罗湖区南极路|7"",NULL,NULL
1249,""广东省深圳市罗湖区木头龙八街"",NULL,NULL
1250,""广东省深圳市罗湖区解放路"",NULL,NULL
1251,""广东省深圳市罗湖区沿河东"",NULL,NULL
1252,""广东省深圳市罗湖区湖贝路|2017号"",NULL,NULL
1253,""广东省深圳市罗湖区翠园南街|88号"",NULL,NULL
1254,""广东省深圳市罗湖区东湖公园管理处"",NULL,NULL
1255,""广东省深圳市罗湖区东湖公园"",NULL,NULL
1256,""广东省深圳市罗湖区东湖公园"",NULL,NULL
1257,""广东省广州市越秀区蛇口"",NULL,NULL
1258,""广东省广州市"",NULL,NULL
1259,""广东省深圳市宝安区宝城第五区"",NULL,NULL
1260,""广东省深圳市罗湖区东湖公园"",NULL,NULL
1261,""广东省深圳市罗湖区东湖公园"",NULL,NULL
1262,""广东省深圳市罗湖区东湖公园管理处"",NULL,NULL
1263,""广东省深圳市罗湖区东湖公园"",NULL,NULL
1264,""广东省深圳市福田区长源楼"",NULL,NULL
1265,""广东省深圳市"",NULL,NULL
1266,""广东省深圳市福田区竹子林"",NULL,NULL
1267,""广东省深圳市南山区向南东村"",NULL,NULL
1268,""广东省深圳市南山区后海路"",NULL,NULL
1269,""广东省深圳市龙岗区荔枝岭"",NULL,NULL
1270,""广东省广州市"",NULL,NULL
1271,""广东省深圳市福田区林业大厦"",NULL,NULL
1272,""广东省深圳市"",NULL,NULL
1273,""广东省深圳市福田区长城大厦"",NULL,NULL
1274,""广东省深圳市福田区4号路"",NULL,NULL
1275,""广东省深圳市福田区市政公司大院"",NULL,NULL
1276,""广东省深圳市罗湖区迎春路|12"",NULL,NULL
1277,""广东省深圳市宝安区迎春路|2号"",NULL,NULL
1278,""广东省深圳市福田区4号路"",NULL,NULL
1279,""广东省深圳市南山区华侨城"",NULL,NULL
1280,""广东省深圳市福田区香蜜新村|25栋"",NULL,NULL
1281,""广东省深圳市南山区蛇口赤湾村"",NULL,NULL
1282,""广东省深圳市龙岗区守珍街"",NULL,NULL
1283,""广东省广州市白云区十六工业区"",NULL,NULL
1284,""广东省深圳市罗湖区清水河一路|92号"",NULL,NULL
1285,""广东省深圳市罗湖区红围街|3"",NULL,NULL
1286,""广东省深圳市南山区"",NULL,NULL
1287,""广东省深圳市盐田区沙深路|48号"",NULL,NULL
1288,""广东省深圳市罗湖区广场北街|13号"",NULL,NULL
1289,""广东省深圳市罗湖区南塘"",NULL,NULL
1290,""广东省深圳市福田区福田街"",NULL,NULL
1291,""广东省深圳市南山区南新路|18号"",NULL,NULL
1292,""广东省深圳市罗湖区爱国路|3号"",NULL,NULL
1293,""广东省深圳市南山区蛇口"",NULL,NULL
1294,""广东省深圳市龙岗区平湖村"",NULL,NULL
1295,""广东省广州市白云区食品大楼"",NULL,NULL
1296,""广东省深圳市福田区福华路|25号"",NULL,NULL
1297,""广东省深圳市福田区上步码头"",NULL,NULL
1298,""广东省深圳市罗湖区万通大厦"",NULL,NULL
1299,""广东省深圳市福田区红荔路"",NULL,NULL
1300,""广东省深圳市福田区经济大厦"",NULL,NULL
1301,""广东省深圳市罗湖区立新路|4"",NULL,NULL
1302,""广东省深圳市罗湖区水贝二路|6号"",NULL,NULL
1303,""广东省深圳市罗湖区房地产大厦"",NULL,NULL
1304,""广东省深圳市龙岗区南园路|17"",NULL,NULL
1305,""广东省深圳市福田区统建楼|2栋"",NULL,NULL
1306,""广东省深圳市龙岗区大街"",NULL,NULL
1307,""广东省深圳市宝安区湖滨路"",NULL,NULL
1308,""广东省深圳市龙岗区中兴路|69号"",NULL,NULL
1309,""广东省深圳市罗湖区新园路|3栋"",NULL,NULL
1310,""广东省深圳市罗湖区新园路|5"",NULL,NULL
1311,""北京市朝阳区朝阳门北大街|6"",NULL,NULL
1312,""广东省深圳市福田区南园路"",NULL,NULL
1313,""广东省深圳市福田区福华路"",NULL,NULL
1314,""广东省深圳市罗湖区房地产大厦"",NULL,NULL
1315,""广东省深圳市罗湖区登高村|1楼"",NULL,NULL
1316,""广东省深圳市罗湖区安华大厦"",NULL,NULL
1317,""广东省深圳市罗湖区桂园路"",NULL,NULL
1318,""广东省深圳市福田区福田"",NULL,NULL
1319,""广东省深圳市南山区南水小区|A|8栋"",NULL,NULL
1320,""广东省深圳市宝安区宝城12区"",NULL,NULL
1321,""辽宁省鞍山市铁西区达道湾村"",NULL,NULL
1322,""广东省深圳市罗湖区深圳水库"",NULL,NULL
1323,""广东省深圳市福田区科学馆"",NULL,NULL
1324,""广东省深圳市福田区红岭北路"",NULL,NULL
1325,""广东省深圳市福田区竹林小学"",NULL,NULL
1326,""广东省深圳市罗湖区文山楼|2楼"",NULL,NULL
1327,""广东省深圳市南山区南油生活a区|18栋"",NULL,NULL
1328,""广东省深圳市罗湖区桂园北路|17号"",NULL,NULL
1329,""广东省深圳市福田区上步路"",NULL,NULL
1330,""广东省深圳市罗湖区华通大厦"",NULL,NULL
1331,""广东省深圳市南山区招商大厦"",NULL,NULL
1332,""浙江省嘉兴市平湖市"",NULL,NULL
1333,""广东省广州市"",NULL,NULL
1334,""广东省深圳市福田区竹子林"",NULL,NULL
1335,""北京市东城区东滨河路|2号|1号楼"",NULL,NULL
1336,""广东省深圳市南山区上沙河"",NULL,NULL
1337,""广东省深圳市南山区西丽镇"",NULL,NULL
1338,""广东省深圳市南山区上沙河"",NULL,NULL
1339,""广东省深圳市南山区西丽"",NULL,NULL
1340,""广东省深圳市南山区西丽路"",NULL,NULL
1341,""广东省深圳市南山区南新路"",NULL,NULL
1342,""广东省深圳市南山区西丽路"",NULL,NULL
1343,""广东省深圳市南山区西丽"",NULL,NULL
1344,""广东省深圳市南山区前进大厦"",NULL,NULL
1345,""广东省广州市从化区新南村"",NULL,NULL
1346,""广东省广州市白云区西城工业区"",NULL,NULL
1347,""广东省深圳市福田区燕南路|5"",NULL,NULL
1348,""广东省深圳市罗湖区解放路"",NULL,NULL
1349,""广东省深圳市福田区东瓜岭"",NULL,NULL
1350,""广东省深圳市福田区莲花山"",NULL,NULL
1351,""广东省深圳市福田区东瓜岭"",NULL,NULL
1352,""广东省深圳市宝安区和平路|64号"",NULL,NULL
1353,""北京市朝阳区华威里|5"",NULL,NULL
1354,""广东省深圳市罗湖区第七工业区"",NULL,NULL
1355,""广东省深圳市宝安区熙龙湾花园|6"",NULL,NULL
1356,""广东省深圳市罗湖区东门北路|40号"",NULL,NULL
1357,""广东省深圳市福田区福田村"",NULL,NULL
1358,""广东省深圳市南山区碧涛中心"",NULL,NULL
1359,""广东省广州市天河区横岗"",NULL,NULL
1360,""广东省广州市"",NULL,NULL
1361,""广东省深圳市福田区三角楼"",NULL,NULL
1362,""广东省深圳市福田区福欣楼"",NULL,NULL
1363,""广东省深圳市福田区福华路|32"",NULL,NULL
1364,""广东省深圳市福田区福华路|30"",NULL,NULL
1365,""广东省深圳市福田区福华路|30"",NULL,NULL
1366,""广东省深圳市福田区防疫站"",NULL,NULL
1367,""广东省深圳市福田区福田村"",NULL,NULL
1368,""广东省深圳市福田区香蜜湖"",NULL,NULL
1369,""广东省江门市蓬江区港口路|23号"",NULL,NULL
1370,""广东省江门市开平市新市北路|225号"",NULL,NULL
1371,""广东省深圳市龙岗区辅城坳村"",NULL,NULL
1372,""广东省广州市"",NULL,NULL
1373,""广东省深圳市盐田区成坑村"",NULL,NULL
1374,""广东省深圳市罗湖区湖贝路"",NULL,NULL
1375,""广东省深圳市福田区下梅林"",NULL,NULL
1376,""广东省深圳市福田区北环油站"",NULL,NULL
1377,""广东省深圳市盐田区沙头角"",NULL,NULL
1378,""广东省深圳市罗湖区锦湖大厦"",NULL,NULL
1379,""辽宁省沈阳市和平区三好街|22|-1"",NULL,NULL
1380,""广东省深圳市盐田区东和路"",NULL,NULL
1381,""广东省江门市蓬江区永华路|79号"",NULL,NULL
1382,""广东省深圳市福田区连廊"",NULL,NULL
1383,""广东省深圳市福田区岗厦村"",NULL,NULL
1384,""广东省深圳市南山区徐志伟蛇口海滨花园商业中心"",NULL,NULL
1385,""广东省深圳市龙岗区龙岗"",NULL,NULL
1386,""广东省广州市"",NULL,NULL
1387,""广东省深圳市罗湖区沿河东路"",NULL,NULL
1388,""广东省深圳市福田区牛巷"",NULL,NULL
1389,""湖北省宜昌市西陵区大连路|33号"",NULL,NULL
1390,""广东省深圳市福田区大门村"",NULL,NULL
1391,""广东省深圳市福田区东怡大厦"",NULL,NULL
1392,""广东省深圳市福田区福田村"",NULL,NULL
1393,""广东省深圳市福田区西头村"",NULL,NULL
1394,""广东省深圳市盐田区沙头角"",NULL,NULL
1395,""广东省深圳市福田区红梅苑"",NULL,NULL
1396,""广东省深圳市南山区园丁石工业区"",NULL,NULL
1397,""广东省深圳市南山区南山办事处"",NULL,NULL
1398,""广东省深圳市南山区半岛花园a区|5栋"",NULL,NULL
1399,""广东省深圳市龙岗区金宝电子厂"",NULL,NULL
1400,""广东省广州市"",NULL,NULL
1401,""广东省深圳市福田区福华路|9"",NULL,NULL
1402,""广东省深圳市福田区福田村"",NULL,NULL
1403,""广东省深圳市福田区福田市场大厦"",NULL,NULL
1404,""广东省深圳市福田区福田村"",NULL,NULL
1405,""广东省深圳市福田区华富路"",NULL,NULL
1406,""广东省深圳市福田区祠堂村|35号楼"",NULL,NULL
1407,""广东省深圳市盐田区"",NULL,NULL
1408,""广东省深圳市福田区下梅林"",NULL,NULL
1409,""广东省深圳市福田区梅林村"",NULL,NULL
1410,""广东省江门市台山市建设路|47号"",NULL,NULL
1411,""广东省广州市从化区新南村"",NULL,NULL
1412,""广东省广州市"",NULL,NULL
1413,""广东省深圳市罗湖区蔡屋围"",NULL,NULL
1414,""广东省深圳市罗湖区宝安路"",NULL,NULL
1415,""广东省深圳市福田区海天综合大厦"",NULL,NULL
1416,""广东省深圳市盐田区沙头角"",NULL,NULL
1417,""广东省深圳市盐田区商贸商住楼"",NULL,NULL
1418,""广东省深圳市罗湖区宝安北路"",NULL,NULL
1419,""广东省深圳市罗湖区"",NULL,NULL
1420,""广东省深圳市罗湖区人民北路"",NULL,NULL
1421,""广东省深圳市罗湖区人民北路"",NULL,NULL
1422,""广东省深圳市福田区"",NULL,NULL
1423,""广东省深圳市南山区海洋大厦"",NULL,NULL
1424,""广东省深圳市龙岗区布吉镇"",NULL,NULL
1425,""广东省深圳市福田区通心岭|24栋"",NULL,NULL
1426,""广东省深圳市罗湖区竹边新村"",NULL,NULL
1427,""广东省深圳市罗湖区城东街|15号"",NULL,NULL
1428,""广东省深圳市宝安区福华路"",NULL,NULL
1429,""广东省深圳市福田区福华路"",NULL,NULL
1430,""广东省深圳市福田区福华路"",NULL,NULL
1431,""广东省深圳市福田区华乐楼"",NULL,NULL
1432,""广东省深圳市福田区皇都广场|3号楼"",NULL,NULL
1433,""广东省深圳市南山区沙河工业区"",NULL,NULL
1434,""广东省江门市蓬江区白石"",NULL,NULL
1435,""广东省深圳市南山区南山宾馆"",NULL,NULL
1436,""广东省深圳市龙岗区平湖"",NULL,NULL
1437,""河北省衡水市武邑县西刘村"",NULL,NULL
1438,""广东省深圳市南山区电达大厦"",NULL,NULL
1439,""广东省深圳市罗湖区翠竹北路"",NULL,NULL
1440,""广东省深圳市福田区滨江新村"",NULL,NULL
1441,""广东省深圳市南山区金鸡涌"",NULL,NULL
1442,""广东省深圳市罗湖区桂园路|14号"",NULL,NULL
1443,""广东省江门市台山市胜利路|139号"",NULL,NULL
1444,""广东省深圳市南山区经贸大厦"",NULL,NULL
1445,""广东省深圳市福田区竹子林"",NULL,NULL
1446,""广东省深圳市南山区海滨东路"",NULL,NULL
1447,""浙江省嘉兴市平湖市"",NULL,NULL
1448,""广东省深圳市宝安区宝城五区"",NULL,NULL
1449,""北京市西城区安德路|112号"",NULL,NULL
1450,""广东省深圳市福田区福田医院"",NULL,NULL
1451,""广东省深圳市盐田区沙头角"",NULL,NULL
1452,""广东省深圳市盐田区杨梅新村"",NULL,NULL
1453,""广东省深圳市盐田区"",NULL,NULL
1454,""广东省深圳市龙岗区中兴街|5号"",NULL,NULL
1455,""广东省深圳市福田区深南中路"",NULL,NULL
1456,""广东省深圳市罗湖区田贝四路|4"",NULL,NULL
1457,""广东省深圳市南山区麻雀岭工业区"",NULL,NULL
1458,""广东省深圳市南山区沙河市场"",NULL,NULL
1459,""广东省深圳市南山区蛇口工业区大厦"",NULL,NULL
1460,""广东省深圳市龙华区德盛楼"",NULL,NULL
1461,""广东省深圳市宝安区建安路"",NULL,NULL
1462,""广东省深圳市罗湖区金通大厦|A座"",NULL,NULL
1463,""广东省深圳市罗湖区田心村"",NULL,NULL
1464,""广东省深圳市罗湖区海关生活区"",NULL,NULL
1465,""广东省深圳市龙岗区教育新村"",NULL,NULL
1466,""广东省深圳市南山区南新路|2123号"",NULL,NULL
1467,""广东省深圳市福田区新洲花园|A栋"",NULL,NULL
1468,""广东省深圳市南山区上沙河"",NULL,NULL
1469,""广东省深圳市南山区西丽镇"",NULL,NULL
1470,""广东省深圳市罗湖区解放路"",NULL,NULL
1471,""广东省深圳市罗湖区城东街|12号"",NULL,NULL
1472,""广东省深圳市南山区招商东路"",NULL,NULL
1473,""广东省深圳市龙岗区龙兴大街"",NULL,NULL
1474,""广东省广州市海珠区前进路"",NULL,NULL
1475,""广东省深圳市福田区红荔路|1号"",NULL,NULL
1476,""广东省深圳市福田区电子科技大厦"",NULL,NULL
1477,""广东省深圳市福田区福华路|57号"",NULL,NULL
1478,""广东省深圳市福田区八卦岭工业区|10栋"",NULL,NULL
1479,""广东省深圳市福田区电子科技大厦"",NULL,NULL
1480,""广东省深圳市福田区八卦岭工业区|10栋"",NULL,NULL
1481,""广东省深圳市宝安区港之龙科技园"",NULL,NULL
1482,""广东省深圳市罗湖区田贝东|10号"",NULL,NULL
1483,""广东省深圳市南山区西丽北路|80号"",NULL,NULL
1484,""广东省深圳市罗湖区水产大厦"",NULL,NULL
1485,""广东省深圳市南山区浩宇单身公寓"",NULL,NULL
1486,""广东省深圳市龙岗区水门村"",NULL,NULL
1487,""广东省广州市"",NULL,NULL
1488,""广东省深圳市南山区南贸中心"",NULL,NULL
1489,""广东省深圳市罗湖区深南东路|104号"",NULL,NULL
1490,""广东省深圳市盐田区沙头角镇"",NULL,NULL
1491,""广东省深圳市罗湖区湖贝路"",NULL,NULL
1492,""广东省深圳市福田区园岭办事处"",NULL,NULL
1493,""广东省深圳市南山区南新路|15"",NULL,NULL
1494,""广东省深圳市罗湖区水贝二路|9号"",NULL,NULL
1495,""广东省深圳市罗湖区主楼"",NULL,NULL
1496,""广东省深圳市坪山区中兴街|10号"",NULL,NULL
1497,""广东省深圳市盐田区海涛路|29号"",NULL,NULL
1498,""广东省深圳市南山区玫瑰园"",NULL,NULL
1499,""广东省广州市"",NULL,NULL
1500,""广东省深圳市宝安区西乡河西路"",NULL,NULL
1501,""广东省深圳市福田区华强南赛格苑|B座"",NULL,NULL
1502,""广东省深圳市罗湖区太宁路|293号"",NULL,NULL
1503,""广东省深圳市福田区上梅林"",NULL,NULL
1504,""广东省深圳市南山区第五工业区"",NULL,NULL
1505,""广东省深圳市福田区八卦岭工业区|10栋"",NULL,NULL
1506,""广东省深圳市盐田区海涛路|29号"",NULL,NULL
1507,""广东省深圳市龙岗区东门路"",NULL,NULL
1508,""广东省深圳市罗湖区罗湖医院对面"",NULL,NULL
1509,""广东省深圳市福田区上步村"",NULL,NULL
1510,""广东省深圳市南山区西丽"",NULL,NULL
1511,""广东省深圳市龙岗区南门墩"",NULL,NULL
1512,""广东省广州市黄埔区广深公路"",NULL,NULL
1513,""广东省深圳市南山区坪山村"",NULL,NULL
1514,""广东省深圳市罗湖区凤凰路6号大院"",NULL,NULL
1515,""广东省深圳市罗湖区笋岗仓库区"",NULL,NULL
1516,""广东省深圳市南山区南景苑"",NULL,NULL
1517,""广东省深圳市罗湖区竹边新村"",NULL,NULL
1518,""广东省深圳市福田区鲁班大厦写字楼"",NULL,NULL
1519,""广东省深圳市罗湖区华丽路"",NULL,NULL
1520,""广东省深圳市龙岗区人民路"",NULL,NULL
1521,""广东省深圳市罗湖区竹边新村"",NULL,NULL
1522,""广东省深圳市宝安区沙河工业区"",NULL,NULL
1523,""广东省深圳市南山区蛇口"",NULL,NULL
1524,""广东省深圳市龙岗区横岗"",NULL,NULL
1525,""广东省深圳市宝安区西乡河西路"",NULL,NULL
1526,""广东省深圳市福田区兴华大厦"",NULL,NULL
1527,""广东省深圳市罗湖区宝安北路/桃园路"",NULL,NULL
1528,""广东省深圳市福田区"",NULL,NULL
1529,""广东省深圳市罗湖区贝丽路"",NULL,NULL
1530,""广东省深圳市福田区竹子林"",NULL,NULL
1531,""广东省深圳市福田区四建公司"",NULL,NULL
1532,""广东省深圳市福田区福华路|36号"",NULL,NULL
1533,""广东省深圳市福田区竹子林"",NULL,NULL
1534,""广东省深圳市福田区深南大道"",NULL,NULL
1535,""广东省深圳市福田区深南大道"",NULL,NULL
1536,""广东省深圳市龙岗区布吉"",NULL,NULL
1537,""广东省深圳市宝安区真理街"",NULL,NULL
1538,""广东省深圳市罗湖区东门路/城东街"",NULL,NULL
1539,""广东省深圳市罗湖区桂园路"",NULL,NULL
1540,""广东省深圳市龙华区观澜汽车站侧"",NULL,NULL
1541,""广东省深圳市福田区深南大道"",NULL,NULL
1542,""广东省深圳市罗湖区东门中路"",NULL,NULL
1543,""广东省深圳市罗湖区文锦广场"",NULL,NULL
1544,""广东省深圳市罗湖区东郊街|38号"",NULL,NULL
1545,""广东省深圳市福田区红岭北路"",NULL,NULL
1546,""广东省深圳市龙岗区龙岗区人民政府"",NULL,NULL
1547,""广东省深圳市龙华区人民路"",NULL,NULL
1548,""广东省广州市越秀区蛇口"",NULL,NULL
1549,""广东省深圳市龙岗区白泥坑"",NULL,NULL
1550,""广东省深圳市宝安区真理街|24"",NULL,NULL
1551,""广东省深圳市福田区深南中路|83号"",NULL,NULL
1552,""广东省深圳市罗湖区嘉多利花园北区"",NULL,NULL
1553,""广东省深圳市罗湖区东门路"",NULL,NULL
1554,""广东省深圳市罗湖区东门北路"",NULL,NULL
1555,""广东省深圳市罗湖区凉果街2号大院|5栋"",NULL,NULL
1556,""广东省深圳市福田区彩田路"",NULL,NULL
1557,""广东省深圳市罗湖区朝花大厦"",NULL,NULL
1558,""广东省深圳市罗湖区朝花大厦"",NULL,NULL
1559,""广东省深圳市罗湖区文锦中路"",NULL,NULL
1560,""广东省深圳市罗湖区湖贝路"",NULL,NULL
1561,""广东省深圳市南山区浩宇单身公寓"",NULL,NULL
1562,""广东省深圳市龙岗区丹竹头"",NULL,NULL
1563,""广东省广州市"",NULL,NULL
1564,""广东省深圳市罗湖区友谊城"",NULL,NULL
1565,""广东省深圳市罗湖区南洋大厦|B座"",NULL,NULL
1566,""广东省深圳市罗湖区红岭路"",NULL,NULL
1567,""广东省深圳市罗湖区岭上村"",NULL,NULL
1568,""广东省深圳市罗湖区文锦路"",NULL,NULL
1569,""广东省深圳市罗湖区文锦中路"",NULL,NULL
1570,""广东省深圳市罗湖区岭下村"",NULL,NULL
1571,""广东省深圳市罗湖区爱国路|9号"",NULL,NULL
1572,""广东省深圳市盐田区盐田港大道"",NULL,NULL
1573,""广东省深圳市盐田区沙光圩"",NULL,NULL
1574,""广东省深圳市南山区龙电生活小区|1栋"",NULL,NULL
1575,""广东省深圳市龙岗区"",NULL,NULL
1576,""广东省深圳市宝安区流塘村"",NULL,NULL
1577,""陕西省榆林市榆阳区马合农场"",NULL,NULL
1578,""山东省济南市天桥区济洛路|123"",NULL,NULL
1579,""广东省深圳市龙岗区人民路"",NULL,NULL
1580,""广东省深圳市福田区华强北路"",NULL,NULL
1581,""广东省深圳市龙岗区园岭新村|27号"",NULL,NULL
1582,""广东省深圳市南山区大冲"",NULL,NULL
1583,""广东省深圳市罗湖区南庆街"",NULL,NULL
1584,""广东省深圳市罗湖区城东街|12号"",NULL,NULL
1585,""广东省深圳市罗湖区东门市场"",NULL,NULL
1586,""广东省深圳市罗湖区城东街|14号"",NULL,NULL
1587,""广东省深圳市福田区南园路|55号"",NULL,NULL
1588,""广东省深圳市福田区竹子林"",NULL,NULL
1589,""广东省深圳市南山区花果路|83"",NULL,NULL
1590,""广东省深圳市龙岗区东三村七巷"",NULL,NULL
1591,""广东省深圳市宝安区马鞍山"",NULL,NULL
1592,""广东省深圳市罗湖区蔡屋围发展大厦"",NULL,NULL
1593,""广东省深圳市南山区南山大道|3091号"",NULL,NULL
1594,""广东省深圳市罗湖区海丽大厦"",NULL,NULL
1595,""广东省深圳市南山区顺风阁"",NULL,NULL
1596,""广东省深圳市罗湖区文锦中路|1018号"",NULL,NULL
1597,""广东省深圳市罗湖区ll田贝东"",NULL,NULL
1598,""广东省深圳市福田区红荔路|2013号"",NULL,NULL
1599,""广东省深圳市罗湖区黄贝岭"",NULL,NULL
1600,""广东省深圳市福田区香梅路"",NULL,NULL
1601,""广东省深圳市福田区"",NULL,NULL
1602,""广东省深圳市南山区蛇口"",NULL,NULL
1603,""广东省深圳市坪山区立新路"",NULL,NULL
1604,""广东省广州市花都区龙珠路"",NULL,NULL
1605,""广东省潮州市湘桥区城新路三横|8号"",NULL,NULL
1606,""广东省深圳市罗湖区泥岗村"",NULL,NULL
1607,""广东省深圳市罗湖区金威大厦对面"",NULL,NULL
1608,""广东省深圳市罗湖区洪湖路|83号"",NULL,NULL
1609,""广东省深圳市福田区园岭新村|7号"",NULL,NULL
1610,""广东省深圳市罗湖区翠兰楼"",NULL,NULL
1611,""广东省深圳市罗湖区晒布路15号大院"",NULL,NULL
1612,""广东省深圳市福田区园岭三街|3"",NULL,NULL
1613,""广东省深圳市罗湖区笋岗海关"",NULL,NULL
1614,""广东省深圳市福田区中心村"",NULL,NULL
1615,""广东省深圳市罗湖区翠竹路|1050号"",NULL,NULL
1616,""广东省深圳市南山区居仙大厦"",NULL,NULL
1617,""广东省广州市海珠区振兴大道"",NULL,NULL
1618,""广东省深圳市宝安区西乡"",NULL,NULL
1619,""广东省深圳市罗湖区翠竹路|8号"",NULL,NULL
1620,""广东省深圳市罗湖区解放路"",NULL,NULL
1621,""广东省深圳市南山区西丽路"",NULL,NULL
1622,""广东省深圳市福田区燕南路|98号"",NULL,NULL
1623,""广东省深圳市福田区建艺大厦"",NULL,NULL
1624,""广东省深圳市罗湖区解放路"",NULL,NULL
1625,""广东省深圳市福田区振华路|14号"",NULL,NULL
1626,""广东省深圳市南山区南光村"",NULL,NULL
1627,""广东省深圳市福田区深南中路|2068号"",NULL,NULL
1628,""广东省深圳市罗湖区人民北路"",NULL,NULL
1629,""广东省深圳市南山区港海滨花园海阳阁"",NULL,NULL
1630,""广东省广州市增城区罗岗工业区"",NULL,NULL
1631,""广东省广州市花都区龙珠路"",NULL,NULL
1632,""广东省深圳市罗湖区凉果街|1号"",NULL,NULL
1633,""广东省深圳市龙华区汇食街|17"",NULL,NULL
1634,""广东省深圳市罗湖区深南东路|94"",NULL,NULL
1635,""广东省深圳市福田区铁皮屋"",NULL,NULL
1636,""广东省深圳市龙岗区布吉路"",NULL,NULL
1637,""广东省深圳市福田区上步商业大厦"",NULL,NULL
1638,""广东省深圳市福田区天祥大厦"",NULL,NULL
1639,""广东省深圳市罗湖区笋岗"",NULL,NULL
1640,""广东省深圳市福田区福田路|26"",NULL,NULL
1641,""广东省深圳市罗湖区深南路"",NULL,NULL
1642,""广东省广州市"",NULL,NULL
1643,""广东省深圳市宝安区河东路"",NULL,NULL
1644,""广东省深圳市罗湖区爱国路|3038号"",NULL,NULL
1645,""广东省深圳市南山区丁头街"",NULL,NULL
1646,""广东省深圳市福田区八卦岭工业区|428栋"",NULL,NULL
1647,""内蒙古自治区鄂尔多斯市伊金霍洛旗伊金霍洛镇"",NULL,NULL
1648,""广东省深圳市罗湖区深业大厦"",NULL,NULL
1649,""广东省深圳市罗湖区城东街|16号"",NULL,NULL
1650,""广东省深圳市福田区上步信托大楼"",NULL,NULL
1651,""广东省深圳市坪山区红岭路"",NULL,NULL
1652,""广东省深圳市罗湖区宝安北路"",NULL,NULL
1653,""广东省深圳市南山区同方信息港|A座"",NULL,NULL
1654,""广东省广州市"",NULL,NULL
1655,""广东省深圳市宝安区松岗镇"",NULL,NULL
1656,""广东省深圳市福田区燕南路|5"",NULL,NULL
1657,""广东省深圳市福田区赛格广场"",NULL,NULL
1658,""广东省深圳市罗湖区解放路"",NULL,NULL
1659,""广东省深圳市罗湖区解放路"",NULL,NULL
1660,""广东省深圳市罗湖区联检大楼"",NULL,NULL
1661,""广东省深圳市罗湖区湖润大厦"",NULL,NULL
1662,""广东省深圳市罗湖区晒布路15号大院"",NULL,NULL
1663,""广东省深圳市福田区锦峰大厦|A座"",NULL,NULL
1664,""广东省深圳市福田区上沙工业区"",NULL,NULL
1665,""广东省深圳市福田区通心岭|23栋"",NULL,NULL
1666,""广东省深圳市南山区物资大厦"",NULL,NULL
1667,""广东省广州市从化区新围仔"",NULL,NULL
1668,""广东省深圳市宝安区城购物中心"",NULL,NULL
1669,""广东省深圳市罗湖区泥岗北村"",NULL,NULL
1670,""广东省深圳市罗湖区中兴路|219号"",NULL,NULL
1671,""广东省深圳市福田区埔尾新村|44栋"",NULL,NULL
1672,""广东省深圳市福田区妇科大楼|第3栋"",NULL,NULL
1673,""广东省深圳市福田区上步南园"",NULL,NULL
1674,""广东省深圳市龙华区汇食街"",NULL,NULL
1675,""广东省深圳市罗湖区罗湖区水贝市场"",NULL,NULL
1676,""广东省深圳市罗湖区凉果街|1号"",NULL,NULL
1677,""广东省深圳市福田区上步路"",NULL,NULL
1678,""广东省深圳市罗湖区水产大厦"",NULL,NULL
1679,""广东省深圳市南山区太子路|72"",NULL,NULL
1680,""广东省深圳市龙岗区牛岭吓"",NULL,NULL
1681,""广东省广州市"",NULL,NULL
1682,""广东省深圳市罗湖区人民北路|117号"",NULL,NULL
1683,""广东省深圳市福田区深纺大厦"",NULL,NULL
1684,""广东省深圳市罗湖区解放路|24"",NULL,NULL
1685,""广东省深圳市罗湖区永新街|53号"",NULL,NULL
1686,""广东省深圳市龙岗区东门路"",NULL,NULL
1687,""广东省深圳市罗湖区"",NULL,NULL
1688,""广东省深圳市南山区沙河工业区"",NULL,NULL
1689,""广东省深圳市盐田区沙盐路|2074号"",NULL,NULL
1690,""广东省深圳市罗湖区百货广场大厦|西座"",NULL,NULL
1691,""广东省深圳市南山区南油"",NULL,NULL
1692,""广东省深圳市南山区康乐路"",NULL,NULL
1693,""广东省深圳市龙岗区三和村"",NULL,NULL
1694,""广东省深圳市宝安区松岗镇"",NULL,NULL
1695,""广东省深圳市福田区商贸大厦"",NULL,NULL
1696,""广东省深圳市宝安区岭南路|2号"",NULL,NULL
1697,""广东省深圳市福田区滨河新村|7栋"",NULL,NULL
1698,""广东省深圳市龙岗区南园路|22号"",NULL,NULL
1699,""广东省深圳市罗湖区湖贝路"",NULL,NULL
1700,""广东省深圳市罗湖区竹边新村"",NULL,NULL
1701,""广东省深圳市盐田区沙头角"",NULL,NULL
1702,""广东省深圳市南山区南新路"",NULL,NULL
1703,""广东省深圳市罗湖区解放路"",NULL,NULL
1704,""广东省深圳市福田区深圳市公安消防支队"",NULL,NULL
1705,""广东省深圳市南山区招商路|89号"",NULL,NULL
1706,""广东省广州市"",NULL,NULL
1707,""广东省深圳市宝安区松岗镇"",NULL,NULL
1708,""内蒙古自治区巴彦淖尔市乌拉特中旗海流图镇"",NULL,NULL
1709,""湖北省黄冈市红安县5号路"",NULL,NULL
1710,""陕西省榆林市榆阳区小纪汗乡政府对面"",NULL,NULL
1711,""北京市丰台区西客站南路|1号"",NULL,NULL
1712,""北京市丰台区梆子井|甲88号"",NULL,NULL
1713,""北京市朝阳区西坝河南路|6号"",NULL,NULL
1714,""吉林省松原市长岭县三县堡乡"",NULL,NULL
1715,""内蒙古自治区呼和浩特市玉泉区石西路"",NULL,NULL
1716,""河南省郑州市金水区汉飞城市公园|1号楼"",NULL,NULL
1717,""山东省济宁市梁山县张坊村"",NULL,NULL
1718,""广东省珠海市香洲区官塘村"",NULL,NULL
1719,""黑龙江省绥化市青冈县兴东村"",NULL,NULL
1720,""广东省云浮市郁南县中山路|147号"",NULL,NULL
1721,""河南省开封市祥符区朱仙镇"",NULL,NULL
1722,""广东省珠海市香洲区粮食批发市场"",NULL,NULL
1723,""湖北省武汉市江汉区纸张油墨市场"",NULL,NULL
1724,""吉林省长春市二道区临河风景|50"",NULL,NULL
1725,""吉林省长春市绿园区二十五街区|330栋"",NULL,NULL
1726,""吉林省长春市二道区金川街|6号"",NULL,NULL
1727,""吉林省长春市宽城区台北大街|2882号"",NULL,NULL
1728,""吉林省长春市绿园区西安大路"",NULL,NULL
1729,""吉林省长春市绿园区北四联小区"",NULL,NULL
1730,""吉林省长春市宽城区丛家村"",NULL,NULL
1731,""吉林省长春市绿园区普阳街|56号"",NULL,NULL
1732,""吉林省长春市榆树市秀水镇"",NULL,NULL
1733,""吉林省长春市二道区临河街五区"",NULL,NULL
1734,""吉林省长春市南关区茗月小区|7栋"",NULL,NULL
1735,""吉林省长春市双阳区北商贸城"",NULL,NULL
1736,""辽宁省沈阳市和平区青年大街"",NULL,NULL
1737,""广东省广州市"",NULL,NULL
1738,""广东省云浮市云城区熬石村"",NULL,NULL
1739,""广东省云浮市云城区马排一巷"",NULL,NULL
1740,""广东省茂名市茂南区文明南路9号大院"",NULL,NULL
1741,""吉林省延边朝鲜族自治州敦化市长城社区"",NULL,NULL
1742,""山东省济南市长清区人民路"",NULL,NULL
1743,""山东省济南市历城区历城三中"",NULL,NULL
1744,""广东省深圳市南山区前湾一路|1号|A栋"",NULL,NULL
1745,""广东省深圳市福田区八卦岭工业区|10栋"",NULL,NULL
1746,""广东省深圳市罗湖区翠苑住宅小区|1栋"",NULL,NULL
1747,""广东省深圳市南山区汉唐大厦"",NULL,NULL
1748,""广东省深圳市南山区南新路"",NULL,NULL
1749,""广东省深圳市福田区八卦岭工业区|10栋"",NULL,NULL
1750,""广东省深圳市福田区上步北路|2006号"",NULL,NULL
1751,""广东省深圳市南山区九街"",NULL,NULL
1752,""广东省深圳市罗湖区凤凰路|9号"",NULL,NULL
1753,""广东省深圳市福田区八卦岭工业区|10栋"",NULL,NULL
1754,""广东省佛山市南海区南海酒店"",NULL,NULL
1755,""广东省深圳市龙岗区东三村七巷"",NULL,NULL
1756,""广东省广州市"",NULL,NULL
1757,""广东省佛山市顺德区名汇公寓"",NULL,NULL
1758,""重庆市九龙坡区石桥铺"",NULL,NULL
1759,""广东省深圳市罗湖区宝安路"",NULL,NULL
1760,""广东省深圳市南山区大汪山"",NULL,NULL
1761,""广东省深圳市南山区金鸡路"",NULL,NULL
1762,""广东省深圳市南山区南新路"",NULL,NULL
1763,""广东省深圳市坪山区邮电局旁"",NULL,NULL
1764,""广东省深圳市宝安区汽车站"",NULL,NULL
1765,""广东省深圳市南山区邮电所"",NULL,NULL
1766,""广东省深圳市罗湖区翠竹二路"",NULL,NULL
1767,""广东省深圳市罗湖区人民北路"",NULL,NULL
1768,""广东省深圳市福田区上步小学侧"",NULL,NULL
1769,""广东省深圳市南山区海滨东路"",NULL,NULL
1770,""广东省深圳市龙岗区岐岭"",NULL,NULL
1771,""广东省广州市"",NULL,NULL
1772,""广东省深圳市罗湖区火车站"",NULL,NULL
1773,""广东省深圳市罗湖区东湖"",NULL,NULL
1774,""广东省深圳市罗湖区中建大厦"",NULL,NULL
1775,""广东省深圳市罗湖区荔景大厦"",NULL,NULL
1776,""广东省深圳市罗湖区光迁工业小区"",NULL,NULL
1777,""广东省深圳市罗湖区松园北"",NULL,NULL
1778,""广东省深圳市罗湖区笋岗仓库"",NULL,NULL
1779,""广东省深圳市福田区统建楼"",NULL,NULL
1780,""广东省深圳市福田区新兴村|-24号楼"",NULL,NULL
1781,""广东省深圳市罗湖区湖贝路"",NULL,NULL
1782,""广东省深圳市南山区合兴大厦"",NULL,NULL
1783,""广东省深圳市龙岗区南联"",NULL,NULL
1784,""广东省广州市"",NULL,NULL
1785,""广东省深圳市罗湖区湖贝路"",NULL,NULL
1786,""广东省广州市荔湾区环市西路|103号"",NULL,NULL
1787,""广东省深圳市罗湖区罗湖区文化宫"",NULL,NULL
1788,""广东省深圳市盐田区海涛路"",NULL,NULL
1789,""广东省深圳市福田区统建办公楼|东3栋"",NULL,NULL
1790,""广东省深圳市福田区福田路"",NULL,NULL
1791,""广东省深圳市南山区光侨街"",NULL,NULL
1792,""广东省深圳市南山区大新大厦"",NULL,NULL
1793,""广东省深圳市罗湖区宝安路"",NULL,NULL
1794,""辽宁省沈阳市沈北新区蒲河大道|888号"",NULL,NULL
1795,""广东省深圳市罗湖区新秀村"",NULL,NULL
1796,""广东省广州市越秀区蛇口"",NULL,NULL
1797,""广东省深圳市龙岗区振兴大厦"",NULL,NULL
1798,""广东省广州市"",NULL,NULL
1799,""广东省深圳市福田区八卦岭宿舍区|10栋"",NULL,NULL
1800,""广东省深圳市南山区南新路"",NULL,NULL
1801,""广东省深圳市罗湖区松园北"",NULL,NULL
1802,""广东省深圳市宝安区和平路|68栋"",NULL,NULL
1803,""广东省深圳市罗湖区水贝石化工业区"",NULL,NULL
1804,""广东省深圳市罗湖区东方大厦"",NULL,NULL
1805,""广东省深圳市福田区万德大厦"",NULL,NULL
1806,""广东省深圳市福田区公交大厦"",NULL,NULL
1807,""广东省深圳市罗湖区永新街|55"",NULL,NULL
1808,""广东省深圳市罗湖区翠竹路9号大院"",NULL,NULL
1809,""广东省深圳市南山区蛇口"",NULL,NULL
1810,""广东省广州市"",NULL,NULL
1811,""广东省深圳市福田区田面村|8栋"",NULL,NULL
1812,""广东省深圳市福田区兴华大厦"",NULL,NULL
1813,""广东省深圳市坪山区中兴街|7号"",NULL,NULL
1814,""广东省深圳市盐田区沙头角"",NULL,NULL
1815,""广东省深圳市龙岗区教育新村"",NULL,NULL
1816,""广东省深圳市罗湖区田贝四路|4"",NULL,NULL
1817,""广东省深圳市福田区福中东路|15号"",NULL,NULL
1818,""广东省深圳市盐田区小梅沙"",NULL,NULL
1819,""广东省深圳市宝安区和平路|56号"",NULL,NULL
1820,""广东省深圳市福田区华强中路"",NULL,NULL
1821,""广东省深圳市南山区太子路"",NULL,NULL
1822,""广东省深圳市龙岗区吉华路"",NULL,NULL
1823,""广东省广州市"",NULL,NULL
1824,""广东省深圳市罗湖区金山大厦"",NULL,NULL
1825,""广东省深圳市盐田区西山吓"",NULL,NULL
1826,""广东省深圳市罗湖区深南东路|92号"",NULL,NULL
1827,""广东省深圳市龙华区和平路|49号"",NULL,NULL
1828,""广东省深圳市宝安区好旺角|1栋"",NULL,NULL
1829,""广东省深圳市罗湖区田贝四路|125号"",NULL,NULL
1830,""广东省深圳市罗湖区"",NULL,NULL
1831,""广东省深圳市罗湖区文锦路"",NULL,NULL
1832,""广东省深圳市宝安区解放路|17号"",NULL,NULL
1833,""广东省深圳市福田区园岭新村|24号|中座"",NULL,NULL
1834,""广东省广州市"",NULL,NULL
1835,""广东省珠海市斗门区乾湾路"",NULL,NULL
1836,""广东省深圳市盐田区园林路|70号"",NULL,NULL
1837,""广东省深圳市罗湖区永新街|55"",NULL,NULL
1838,""广东省深圳市南山区兴海路"",NULL,NULL
1839,""广东省深圳市龙岗区中兴路|65号"",NULL,NULL
1840,""广东省深圳市罗湖区金山大厦"",NULL,NULL
1841,""广东省深圳市罗湖区东门路"",NULL,NULL
1842,""广东省深圳市罗湖区南塘"",NULL,NULL
1843,""广东省深圳市罗湖区松园路|10号"",NULL,NULL
1844,""广东省深圳市南山区中建工业大厦|2栋"",NULL,NULL
1845,""广东省深圳市龙岗区岗头村"",NULL,NULL
1846,""广东省珠海市斗门区桥苑"",NULL,NULL
1847,""广东省深圳市福田区红岭北路"",NULL,NULL
1848,""广东省深圳市福田区经贸大厦"",NULL,NULL
1849,""广东省深圳市盐田区沙头角"",NULL,NULL
1850,""广东省深圳市罗湖区和平路"",NULL,NULL
1851,""广东省深圳市盐田区环城路|32号"",NULL,NULL
1852,""广东省深圳市南山区长城大厦|1号楼"",NULL,NULL
1853,""广东省深圳市罗湖区深南东路|92号"",NULL,NULL
1854,""广东省深圳市罗湖区深南东路|89号"",NULL,NULL
1855,""广东省深圳市福田区鸿运大楼"",NULL,NULL
1856,""广东省深圳市宝安区岭南路|2号"",NULL,NULL
1857,""内蒙古自治区呼和浩特市赛罕区锡林南路"",NULL,NULL
1858,""广东省深圳市龙岗区龙岭新村"",NULL,NULL
1859,""广东省深圳市罗湖区食品大厦"",NULL,NULL
1860,""广东省深圳市南山区兴海路"",NULL,NULL
1861,""广东省深圳市福田区上步路"",NULL,NULL
1862,""广东省深圳市罗湖区螺岭"",NULL,NULL
1863,""广东省佛山市南海区西樵"",NULL,NULL
1864,""广东省深圳市福田区园岭六街|18"",NULL,NULL
1865,""广东省深圳市罗湖区宝安路"",NULL,NULL
1866,""广东省深圳市福田区泰然九路|212栋"",NULL,NULL
1867,""广东省深圳市福田区车公庙|201栋"",NULL,NULL
1868,""广东省深圳市南山区港湾大道"",NULL,NULL
1869,""广东省深圳市宝安区龙观东路"",NULL,NULL
1870,""海南省三亚市吉阳区金凤凰山庄|3栋"",NULL,NULL
1871,""吉林省长春市南关区西二道街"",NULL,NULL
1872,""陕西省榆林市榆阳区补浪河乡政府"",NULL,NULL
1873,""陕西省西安市"",NULL,NULL
1874,""广东省深圳市罗湖区解放路"",NULL,NULL
1875,""广东省深圳市罗湖区人民桥"",NULL,NULL
1876,""广东省深圳市福田区荔园市场"",NULL,NULL
1877,""广东省深圳市福田区田西新村"",NULL,NULL
1878,""辽宁省沈阳市沈河区小西路|76号|甲A"",NULL,NULL
1879,""广东省深圳市南山区南头街"",NULL,NULL
1880,""广东省深圳市福田区深南中路"",NULL,NULL
1881,""广东省深圳市南山区阮屋村"",NULL,NULL
1882,""广东省深圳市福田区下沙路"",NULL,NULL
1883,""广东省深圳市南山区软件产业基地|4栋|B座"",NULL,NULL
1884,""广东省深圳市罗湖区田贝东|10号"",NULL,NULL
1885,""广东省广州市越秀区蛇口"",NULL,NULL
1886,""广东省深圳市龙岗区布吉长龙一区|7号"",NULL,NULL
1887,""广东省深圳市罗湖区建筑设计院"",NULL,NULL
1888,""广东省深圳市罗湖区深南东路|61号"",NULL,NULL
1889,""广东省深圳市罗湖区建材贸易大厦"",NULL,NULL
1890,""广东省深圳市福田区园岭|37号"",NULL,NULL
1891,""广东省深圳市福田区上步商业大厦"",NULL,NULL
1892,""广东省深圳市罗湖区大中华汇展阁"",NULL,NULL
1893,""广东省深圳市罗湖区岭下村|336号"",NULL,NULL
1894,""广东省深圳市罗湖区东门中路|36号"",NULL,NULL
1895,""广东省深圳市福田区深南大道"",NULL,NULL
1896,""广东省深圳市南山区招商发展中心"",NULL,NULL
1897,""广东省深圳市南山区振兴大厦"",NULL,NULL
1898,""广东省广州市花都区龙珠路|30"",NULL,NULL
1899,""广东省深圳市罗湖区文锦道"",NULL,NULL
1900,""广东省深圳市罗湖区深南东路"",NULL,NULL
1901,""广东省深圳市南山区南新路|2123号"",NULL,NULL
1902,""广东省深圳市宝安区翠竹路|18栋"",NULL,NULL
1903,""广东省深圳市罗湖区宝安北路/桃园路"",NULL,NULL
1904,""广东省深圳市罗湖区广深医药大厦"",NULL,NULL
1905,""广东省深圳市福田区沙头街"",NULL,NULL
1906,""广东省深圳市南山区南新路"",NULL,NULL
1907,""广东省深圳市福田区新洲河"",NULL,NULL
1908,""广东省深圳市罗湖区文锦北路"",NULL,NULL
1909,""广东省深圳市南山区工业八路"",NULL,NULL
1910,""广东省深圳市龙岗区布吉"",NULL,NULL
1911,""广东省广州市"",NULL,NULL
1912,""广东省深圳市南山区仓前村"",NULL,NULL
1913,""广东省深圳市福田区八卦岭工业区|514栋"",NULL,NULL
1914,""广东省深圳市"",NULL,NULL
1915,""广东省深圳市罗湖区文锦北路|71号"",NULL,NULL
1916,""广东省深圳市福田区燕南路"",NULL,NULL
1917,""广东省深圳市福田区北环路"",NULL,NULL
1918,""广东省深圳市福田区南园路|27号"",NULL,NULL
1919,""广东省深圳市福田区南园路|27号"",NULL,NULL
1920,""广东省广州市越秀区蛇口"",NULL,NULL
1921,""广东省深圳市龙岗区龙岭新村"",NULL,NULL
1922,""广东省广州市"",NULL,NULL
1923,""广东省深圳市福田区红荔路小区"",NULL,NULL
1924,""广东省深圳市罗湖区人民北路|115号"",NULL,NULL
1925,""广东省深圳市罗湖区建贸大厦"",NULL,NULL
1926,""广东省深圳市福田区巴丁街|125栋"",NULL,NULL
1927,""广东省深圳市福田区上步大厦"",NULL,NULL
1928,""广东省深圳市罗湖区华都园大厦"",NULL,NULL
1929,""广东省深圳市罗湖区布心工业区"",NULL,NULL
1930,""广东省深圳市罗湖区水田一街|21"",NULL,NULL
1931,""广东省深圳市南山区南山北头村"",NULL,NULL
1932,""广东省深圳市南山区蓝海楼"",NULL,NULL
1933,""广东省深圳市龙岗区华侨新村|208栋"",NULL,NULL
1934,""广东省广州市花都区东风村"",NULL,NULL
1935,""广东省深圳市福田区岗厦村"",NULL,NULL
1936,""广东省深圳市罗湖区人民北路"",NULL,NULL
1937,""广东省深圳市罗湖区新园路|16"",NULL,NULL
1938,""广东省深圳市罗湖区人民北路"",NULL,NULL
1939,""广东省深圳市罗湖区庆安大厦"",NULL,NULL
1940,""广东省深圳市南山区丁头村"",NULL,NULL
1941,""广东省深圳市福田区赛格高科技工业区"",NULL,NULL
1942,""广东省深圳市盐田区海关小区"",NULL,NULL
1943,""广东省深圳市龙岗区凤凰路|6号"",NULL,NULL
1944,""广东省深圳市福田区深新大厦|A栋"",NULL,NULL
1945,""广东省深圳市南山区雍景轩"",NULL,NULL
1946,""广东省深圳市龙岗区龙岗路|14号"",NULL,NULL
1947,""广东省广州市花都区东风村"",NULL,NULL
1948,""广东省深圳市罗湖区深南东路"",NULL,NULL
1949,""广东省深圳市南山区华侨城"",NULL,NULL
1950,""广东省深圳市南山区光华街"",NULL,NULL
1951,""广东省深圳市南山区常兴路"",NULL,NULL
1952,""广东省深圳市罗湖区深南东路"",NULL,NULL
1953,""广东省深圳市罗湖区金龙大厦"",NULL,NULL
1954,""广东省深圳市罗湖区城东街|13"",NULL,NULL
1955,""广东省深圳市罗湖区龙屋|7栋"",NULL,NULL
1956,""广东省深圳市罗湖区竹边新村"",NULL,NULL
1957,""广东省深圳市南山区蛇口"",NULL,NULL
1958,""广东省深圳市龙岗区龙塘村"",NULL,NULL
1959,""广东省广州市花都区东风村"",NULL,NULL
1960,""广东省深圳市罗湖区乐园路|3"",NULL,NULL
1961,""广东省深圳市坪山区沙头办事处"",NULL,NULL
1962,""广东省深圳市罗湖区水产大厦"",NULL,NULL
1963,""广东省深圳市福田区中石化深石油大厦"",NULL,NULL
1964,""广东省深圳市南山区愉康大厦"",NULL,NULL
1965,""广东省深圳市宝安区岗厦路"",NULL,NULL
1966,""广东省深圳市南山区常兴综合楼"",NULL,NULL
1967,""广东省深圳市罗湖区国际金融大厦"",NULL,NULL
1968,""广东省深圳市罗湖区联城大厦"",NULL,NULL
1969,""广东省深圳市罗湖区嘉宾路"",NULL,NULL
1970,""广东省深圳市南山区一甲海边新村|1号|B栋"",NULL,NULL
1971,""广东省深圳市龙岗区乐明新兴楼"",NULL,NULL
1972,""广东省广州市花都区东风村"",NULL,NULL
1973,""广东省深圳市罗湖区洪湖二街|23"",NULL,NULL
1974,""广东省深圳市罗湖区凤凰路6号大院"",NULL,NULL
1975,""广东省深圳市罗湖区凤凰路6号大院"",NULL,NULL
1976,""广东省深圳市福田区南园新村"",NULL,NULL
1977,""广东省深圳市福田区荔园市场"",NULL,NULL
1978,""广东省深圳市福田区沙头墟"",NULL,NULL
1979,""广东省深圳市福田区世界贸易广场|C座"",NULL,NULL
1980,""广东省深圳市福田区农产品批发市场"",NULL,NULL
1981,""广东省深圳市福田区华强路"",NULL,NULL
1982,""广东省深圳市福田区海关生活区"",NULL,NULL
1983,""广东省广州市越秀区蛇口"",NULL,NULL
1984,""广东省深圳市龙岗区第二市场侧边"",NULL,NULL
1985,""广东省深圳市宝安区宝城16区"",NULL,NULL
1986,""广东省深圳市罗湖区翠华花园|6栋"",NULL,NULL
1987,""广东省深圳市福田区八卦岭工业区"",NULL,NULL
1988,""广东省深圳市罗湖区宝安北路/笋岗路"",NULL,NULL
1989,""广东省深圳市罗湖区松园东一巷"",NULL,NULL
1990,""广东省深圳市罗湖区培森大厦"",NULL,NULL
1991,""广东省深圳市罗湖区太宁路"",NULL,NULL
1992,""广东省湛江市赤坎区中山一路|1号"",NULL,NULL
1993,""广东省深圳市南山区工业村"",NULL,NULL
1994,""广东省深圳市福田区南天大厦|1栋"",NULL,NULL
1995,""广东省深圳市罗湖区建设路"",NULL,NULL
1996,""广东省深圳市罗湖区水贝二路|1栋"",NULL,NULL
1997,""广东省广州市"",NULL,NULL
1998,""广东省深圳市宝安区华源大厦|B栋"",NULL,NULL
1999,""广东省深圳市罗湖区城建综合楼"",NULL,NULL
2000,""广东省梅州市五华县华兴北路|81"",NULL,NULL
